timestamp,topico,valor,unidade,alarme
2026-05-16T23:39:18.620Z,transformador/nucleo/temperatura,46.61,°C,
2026-05-16T23:39:18.620Z,transformador/nucleo/delta_t,6.84,°C,
2026-05-16T23:39:18.620Z,transformador/primario/corrente,2.37,A,
2026-05-16T23:39:18.620Z,transformador/secundario/corrente,19.63,A,
2026-05-16T23:39:18.620Z,transformador/vibracao/fft_120hz,0.1,g,
2026-05-16T23:39:18.620Z,transformador/vibracao/fft_240hz,0.08,g,
2026-05-16T23:39:20.120Z,transformador/nucleo/temperatura,56.13,°C,
2026-05-16T23:39:20.120Z,transformador/nucleo/delta_t,4.41,°C,
2026-05-16T23:39:20.120Z,transformador/primario/corrente,2.49,A,
2026-05-16T23:39:20.120Z,transformador/secundario/corrente,26.52,A,
2026-05-16T23:39:20.120Z,transformador/vibracao/fft_120hz,0.11,g,
2026-05-16T23:39:20.120Z,transformador/vibracao/fft_240hz,0.01,g,
2026-05-16T23:39:21.621Z,transformador/nucleo/temperatura,62.31,°C,
2026-05-16T23:39:21.621Z,transformador/nucleo/delta_t,7.46,°C,
2026-05-16T23:39:21.621Z,transformador/primario/corrente,3.1,A,
2026-05-16T23:39:21.621Z,transformador/secundario/corrente,25.08,A,
2026-05-16T23:39:21.621Z,transformador/vibracao/fft_120hz,0.57,g,
2026-05-16T23:39:21.621Z,transformador/vibracao/fft_240hz,0.05,g,
2026-05-16T23:39:23.123Z,transformador/nucleo/temperatura,54.84,°C,
2026-05-16T23:39:23.123Z,transformador/nucleo/delta_t,4.93,°C,
2026-05-16T23:39:23.123Z,transformador/primario/corrente,2.56,A,
2026-05-16T23:39:23.123Z,transformador/secundario/corrente,24.86,A,
2026-05-16T23:39:23.123Z,transformador/vibracao/fft_120hz,0.11,g,
2026-05-16T23:39:23.123Z,transformador/vibracao/fft_240hz,0,g,
2026-05-16T23:39:24.624Z,transformador/nucleo/temperatura,60.92,°C,
2026-05-16T23:39:24.624Z,transformador/nucleo/delta_t,7.24,°C,
2026-05-16T23:39:24.624Z,transformador/primario/corrente,2.02,A,
2026-05-16T23:39:24.624Z,transformador/secundario/corrente,23.27,A,
2026-05-16T23:39:24.624Z,transformador/vibracao/fft_120hz,0.08,g,
2026-05-16T23:39:24.624Z,transformador/vibracao/fft_240hz,0.04,g,
2026-05-16T23:39:26.126Z,transformador/nucleo/temperatura,50.66,°C,
2026-05-16T23:39:26.126Z,transformador/nucleo/delta_t,6.93,°C,
2026-05-16T23:39:26.126Z,transformador/primario/corrente,2.09,A,
2026-05-16T23:39:26.126Z,transformador/secundario/corrente,24.62,A,
2026-05-16T23:39:26.126Z,transformador/vibracao/fft_120hz,0.09,g,
2026-05-16T23:39:26.126Z,transformador/vibracao/fft_240hz,0.02,g,
2026-05-16T23:39:27.628Z,transformador/nucleo/temperatura,58.12,°C,
2026-05-16T23:39:27.628Z,transformador/nucleo/delta_t,5.01,°C,
2026-05-16T23:39:27.628Z,transformador/primario/corrente,3.49,A,
2026-05-16T23:39:27.628Z,transformador/secundario/corrente,20.93,A,
2026-05-16T23:39:27.628Z,transformador/vibracao/fft_120hz,0.1,g,
2026-05-16T23:39:27.628Z,transformador/vibracao/fft_240hz,0.06,g,
2026-05-16T23:39:29.128Z,transformador/nucleo/temperatura,58.28,°C,
2026-05-16T23:39:29.128Z,transformador/nucleo/delta_t,6.44,°C,
2026-05-16T23:39:29.128Z,transformador/primario/corrente,2.7,A,
2026-05-16T23:39:29.128Z,transformador/secundario/corrente,27.37,A,
2026-05-16T23:39:29.128Z,transformador/vibracao/fft_120hz,0.09,g,
2026-05-16T23:39:29.128Z,transformador/vibracao/fft_240hz,0.06,g,
2026-05-16T23:39:30.628Z,transformador/nucleo/temperatura,47.86,°C,
2026-05-16T23:39:30.628Z,transformador/nucleo/delta_t,7.17,°C,
2026-05-16T23:39:30.628Z,transformador/primario/corrente,3.03,A,
2026-05-16T23:39:30.628Z,transformador/secundario/corrente,25.15,A,
2026-05-16T23:39:30.628Z,transformador/vibracao/fft_120hz,0.03,g,
2026-05-16T23:39:30.628Z,transformador/vibracao/fft_240hz,0.03,g,
2026-05-16T23:39:32.130Z,transformador/nucleo/temperatura,52.13,°C,
2026-05-16T23:39:32.130Z,transformador/nucleo/delta_t,4.64,°C,
2026-05-16T23:39:32.130Z,transformador/primario/corrente,2.26,A,
2026-05-16T23:39:32.130Z,transformador/secundario/corrente,17.99,A,
2026-05-16T23:39:32.130Z,transformador/vibracao/fft_120hz,0.12,g,
2026-05-16T23:39:32.130Z,transformador/vibracao/fft_240hz,0.06,g,
2026-05-16T23:39:33.631Z,transformador/nucleo/temperatura,47.15,°C,
2026-05-16T23:39:33.631Z,transformador/nucleo/delta_t,9.06,°C,
2026-05-16T23:39:33.631Z,transformador/primario/corrente,3.07,A,
2026-05-16T23:39:33.631Z,transformador/secundario/corrente,22.28,A,
2026-05-16T23:39:33.631Z,transformador/vibracao/fft_120hz,0.04,g,
2026-05-16T23:39:33.631Z,transformador/vibracao/fft_240hz,0.04,g,
2026-05-16T23:39:35.132Z,transformador/nucleo/temperatura,46.31,°C,
2026-05-16T23:39:35.132Z,transformador/nucleo/delta_t,9.66,°C,
2026-05-16T23:39:35.132Z,transformador/primario/corrente,2.55,A,
2026-05-16T23:39:35.132Z,transformador/secundario/corrente,24.42,A,
2026-05-16T23:39:35.132Z,transformador/vibracao/fft_120hz,0.1,g,
2026-05-16T23:39:35.132Z,transformador/vibracao/fft_240hz,0.05,g,
2026-05-16T23:39:36.632Z,transformador/nucleo/temperatura,51.92,°C,
2026-05-16T23:39:36.632Z,transformador/nucleo/delta_t,7.75,°C,
2026-05-16T23:39:36.632Z,transformador/primario/corrente,2.86,A,
2026-05-16T23:39:36.632Z,transformador/secundario/corrente,20.05,A,
2026-05-16T23:39:36.632Z,transformador/vibracao/fft_120hz,0.07,g,
2026-05-16T23:39:36.632Z,transformador/vibracao/fft_240hz,0.02,g,
2026-05-16T23:39:38.135Z,transformador/nucleo/temperatura,46.06,°C,
2026-05-16T23:39:38.135Z,transformador/nucleo/delta_t,8.19,°C,
2026-05-16T23:39:38.135Z,transformador/primario/corrente,3.13,A,
2026-05-16T23:39:38.135Z,transformador/secundario/corrente,21.46,A,
2026-05-16T23:39:38.135Z,transformador/vibracao/fft_120hz,0.07,g,
2026-05-16T23:39:38.135Z,transformador/vibracao/fft_240hz,0.07,g,
2026-05-16T23:39:39.636Z,transformador/nucleo/temperatura,64.73,°C,
2026-05-16T23:39:39.636Z,transformador/nucleo/delta_t,11.41,°C,
2026-05-16T23:39:39.636Z,transformador/primario/corrente,3.35,A,
2026-05-16T23:39:39.636Z,transformador/secundario/corrente,17.52,A,
2026-05-16T23:39:39.636Z,transformador/vibracao/fft_120hz,0.04,g,
2026-05-16T23:39:39.636Z,transformador/vibracao/fft_240hz,0.06,g,
2026-05-16T23:39:41.136Z,transformador/nucleo/temperatura,47.01,°C,
2026-05-16T23:39:41.136Z,transformador/nucleo/delta_t,8.28,°C,
2026-05-16T23:39:41.136Z,transformador/primario/corrente,2.75,A,
2026-05-16T23:39:41.136Z,transformador/secundario/corrente,33.6,A,
2026-05-16T23:39:41.136Z,transformador/vibracao/fft_120hz,0.14,g,
2026-05-16T23:39:41.136Z,transformador/vibracao/fft_240hz,0.01,g,
2026-05-16T23:39:42.638Z,transformador/nucleo/temperatura,52.43,°C,
2026-05-16T23:39:42.638Z,transformador/nucleo/delta_t,6.12,°C,
2026-05-16T23:39:42.638Z,transformador/primario/corrente,3.36,A,
2026-05-16T23:39:42.638Z,transformador/secundario/corrente,23.42,A,
2026-05-16T23:39:42.638Z,transformador/vibracao/fft_120hz,0.13,g,
2026-05-16T23:39:42.638Z,transformador/vibracao/fft_240hz,0.07,g,
2026-05-16T23:39:44.139Z,transformador/nucleo/temperatura,46.27,°C,
2026-05-16T23:39:44.139Z,transformador/nucleo/delta_t,10.83,°C,
2026-05-16T23:39:44.139Z,transformador/primario/corrente,2.22,A,
2026-05-16T23:39:44.139Z,transformador/secundario/corrente,22.1,A,
2026-05-16T23:39:44.139Z,transformador/vibracao/fft_120hz,0.03,g,
2026-05-16T23:39:44.139Z,transformador/vibracao/fft_240hz,0.03,g,
2026-05-16T23:39:45.640Z,transformador/nucleo/temperatura,47.06,°C,
2026-05-16T23:39:45.640Z,transformador/nucleo/delta_t,10.12,°C,
2026-05-16T23:39:45.640Z,transformador/primario/corrente,3.31,A,
2026-05-16T23:39:45.640Z,transformador/secundario/corrente,21.19,A,
2026-05-16T23:39:45.640Z,transformador/vibracao/fft_120hz,0.08,g,
2026-05-16T23:39:45.640Z,transformador/vibracao/fft_240hz,0.07,g,
2026-05-16T23:39:47.142Z,transformador/nucleo/temperatura,60.26,°C,
2026-05-16T23:39:47.142Z,transformador/nucleo/delta_t,8.48,°C,
2026-05-16T23:39:47.142Z,transformador/primario/corrente,2.38,A,
2026-05-16T23:39:47.142Z,transformador/secundario/corrente,27.25,A,
2026-05-16T23:39:47.142Z,transformador/vibracao/fft_120hz,0.05,g,
2026-05-16T23:39:47.142Z,transformador/vibracao/fft_240hz,0.03,g,
2026-05-16T23:39:48.644Z,transformador/nucleo/temperatura,58.37,°C,
2026-05-16T23:39:48.644Z,transformador/nucleo/delta_t,5.02,°C,
2026-05-16T23:39:48.644Z,transformador/primario/corrente,3.32,A,
2026-05-16T23:39:48.644Z,transformador/secundario/corrente,27.75,A,
2026-05-16T23:39:48.644Z,transformador/vibracao/fft_120hz,0.07,g,
2026-05-16T23:39:48.644Z,transformador/vibracao/fft_240hz,0,g,
2026-05-16T23:39:50.143Z,transformador/nucleo/temperatura,45.96,°C,
2026-05-16T23:39:50.143Z,transformador/nucleo/delta_t,8.05,°C,
2026-05-16T23:39:50.143Z,transformador/primario/corrente,3.32,A,
2026-05-16T23:39:50.143Z,transformador/secundario/corrente,26.7,A,
2026-05-16T23:39:50.143Z,transformador/vibracao/fft_120hz,0.02,g,
2026-05-16T23:39:50.143Z,transformador/vibracao/fft_240hz,0.05,g,
2026-05-16T23:39:51.644Z,transformador/nucleo/temperatura,49.53,°C,
2026-05-16T23:39:51.644Z,transformador/nucleo/delta_t,6.02,°C,
2026-05-16T23:39:51.644Z,transformador/primario/corrente,2.9,A,
2026-05-16T23:39:51.644Z,transformador/secundario/corrente,19.38,A,
2026-05-16T23:39:51.644Z,transformador/vibracao/fft_120hz,0.04,g,
2026-05-16T23:39:51.644Z,transformador/vibracao/fft_240hz,0.01,g,
2026-05-16T23:39:53.144Z,transformador/nucleo/temperatura,55.51,°C,
2026-05-16T23:39:53.144Z,transformador/nucleo/delta_t,9.88,°C,
2026-05-16T23:39:53.144Z,transformador/primario/corrente,2.62,A,
2026-05-16T23:39:53.144Z,transformador/secundario/corrente,25.97,A,
2026-05-16T23:39:53.144Z,transformador/vibracao/fft_120hz,0.1,g,
2026-05-16T23:39:53.144Z,transformador/vibracao/fft_240hz,0.01,g,
2026-05-16T23:39:54.646Z,transformador/nucleo/temperatura,63.1,°C,
2026-05-16T23:39:54.646Z,transformador/nucleo/delta_t,5.12,°C,
2026-05-16T23:39:54.646Z,transformador/primario/corrente,2.54,A,
2026-05-16T23:39:54.646Z,transformador/secundario/corrente,27.19,A,
2026-05-16T23:39:54.646Z,transformador/vibracao/fft_120hz,0.36,g,
2026-05-16T23:39:54.646Z,transformador/vibracao/fft_240hz,0.06,g,
2026-05-16T23:39:56.148Z,transformador/nucleo/temperatura,55.79,°C,
2026-05-16T23:39:56.148Z,transformador/nucleo/delta_t,10.8,°C,
2026-05-16T23:39:56.148Z,transformador/primario/corrente,2,A,
2026-05-16T23:39:56.148Z,transformador/secundario/corrente,20.86,A,
2026-05-16T23:39:56.148Z,transformador/vibracao/fft_120hz,0.06,g,
2026-05-16T23:39:56.148Z,transformador/vibracao/fft_240hz,0.01,g,
2026-05-16T23:39:57.649Z,transformador/nucleo/temperatura,54.39,°C,
2026-05-16T23:39:57.649Z,transformador/nucleo/delta_t,8.76,°C,
2026-05-16T23:39:57.649Z,transformador/primario/corrente,2.44,A,
2026-05-16T23:39:57.649Z,transformador/secundario/corrente,17.59,A,
2026-05-16T23:39:57.649Z,transformador/vibracao/fft_120hz,0.04,g,
2026-05-16T23:39:57.649Z,transformador/vibracao/fft_240hz,0.18,g,
2026-05-16T23:39:59.151Z,transformador/nucleo/temperatura,52.02,°C,
2026-05-16T23:39:59.151Z,transformador/nucleo/delta_t,4.83,°C,
2026-05-16T23:39:59.151Z,transformador/primario/corrente,2.97,A,
2026-05-16T23:39:59.151Z,transformador/secundario/corrente,25.17,A,
2026-05-16T23:39:59.151Z,transformador/vibracao/fft_120hz,0.07,g,
2026-05-16T23:39:59.151Z,transformador/vibracao/fft_240hz,0.03,g,
2026-05-16T23:40:00.651Z,transformador/nucleo/temperatura,64.79,°C,
2026-05-16T23:40:00.651Z,transformador/nucleo/delta_t,9.32,°C,
2026-05-16T23:40:00.651Z,transformador/primario/corrente,2.77,A,
2026-05-16T23:40:00.651Z,transformador/secundario/corrente,22.77,A,
2026-05-16T23:40:00.651Z,transformador/vibracao/fft_120hz,0.57,g,
2026-05-16T23:40:00.651Z,transformador/vibracao/fft_240hz,0,g,
2026-05-16T23:40:02.153Z,transformador/nucleo/temperatura,55.15,°C,
2026-05-16T23:40:02.153Z,transformador/nucleo/delta_t,9.15,°C,
2026-05-16T23:40:02.153Z,transformador/primario/corrente,2.11,A,
2026-05-16T23:40:02.153Z,transformador/secundario/corrente,20.37,A,
2026-05-16T23:40:02.153Z,transformador/vibracao/fft_120hz,0.03,g,
2026-05-16T23:40:02.153Z,transformador/vibracao/fft_240hz,0.14,g,
2026-05-16T23:40:03.655Z,transformador/nucleo/temperatura,62.74,°C,
2026-05-16T23:40:03.655Z,transformador/nucleo/delta_t,6.49,°C,
2026-05-16T23:40:03.655Z,transformador/primario/corrente,2.25,A,
2026-05-16T23:40:03.655Z,transformador/secundario/corrente,18.96,A,
2026-05-16T23:40:03.655Z,transformador/vibracao/fft_120hz,0.08,g,
2026-05-16T23:40:03.655Z,transformador/vibracao/fft_240hz,0.04,g,
2026-05-16T23:40:05.158Z,transformador/nucleo/temperatura,53.76,°C,
2026-05-16T23:40:05.158Z,transformador/nucleo/delta_t,6.86,°C,
2026-05-16T23:40:05.158Z,transformador/primario/corrente,2.06,A,
2026-05-16T23:40:05.158Z,transformador/secundario/corrente,22.81,A,
2026-05-16T23:40:05.158Z,transformador/vibracao/fft_120hz,0.13,g,
2026-05-16T23:40:05.158Z,transformador/vibracao/fft_240hz,0.01,g,
2026-05-16T23:40:06.660Z,transformador/nucleo/temperatura,55.13,°C,
2026-05-16T23:40:06.660Z,transformador/nucleo/delta_t,9.01,°C,
2026-05-16T23:40:06.660Z,transformador/primario/corrente,2.97,A,
2026-05-16T23:40:06.660Z,transformador/secundario/corrente,17.01,A,
2026-05-16T23:40:06.660Z,transformador/vibracao/fft_120hz,0.1,g,
2026-05-16T23:40:06.660Z,transformador/vibracao/fft_240hz,0.03,g,
2026-05-16T23:40:08.163Z,transformador/nucleo/temperatura,59.34,°C,
2026-05-16T23:40:08.163Z,transformador/nucleo/delta_t,9.99,°C,
2026-05-16T23:40:08.163Z,transformador/primario/corrente,2.7,A,
2026-05-16T23:40:08.163Z,transformador/secundario/corrente,30.16,A,
2026-05-16T23:40:08.163Z,transformador/vibracao/fft_120hz,0.07,g,
2026-05-16T23:40:08.163Z,transformador/vibracao/fft_240hz,0.05,g,
2026-05-16T23:40:09.663Z,transformador/nucleo/temperatura,63.34,°C,
2026-05-16T23:40:09.663Z,transformador/nucleo/delta_t,10.37,°C,
2026-05-16T23:40:09.663Z,transformador/primario/corrente,2.33,A,
2026-05-16T23:40:09.663Z,transformador/secundario/corrente,16.51,A,
2026-05-16T23:40:09.663Z,transformador/vibracao/fft_120hz,0.63,g,
2026-05-16T23:40:09.663Z,transformador/vibracao/fft_240hz,0.05,g,
2026-05-16T23:40:11.165Z,transformador/nucleo/temperatura,61.46,°C,
2026-05-16T23:40:11.165Z,transformador/nucleo/delta_t,10.34,°C,
2026-05-16T23:40:11.165Z,transformador/primario/corrente,2.05,A,
2026-05-16T23:40:11.165Z,transformador/secundario/corrente,25.63,A,
2026-05-16T23:40:11.165Z,transformador/vibracao/fft_120hz,0.05,g,
2026-05-16T23:40:11.165Z,transformador/vibracao/fft_240hz,0.01,g,
2026-05-16T23:40:12.666Z,transformador/nucleo/temperatura,57.68,°C,
2026-05-16T23:40:12.666Z,transformador/nucleo/delta_t,8.51,°C,
2026-05-16T23:40:12.666Z,transformador/primario/corrente,3.26,A,
2026-05-16T23:40:12.666Z,transformador/secundario/corrente,25.89,A,
2026-05-16T23:40:12.666Z,transformador/vibracao/fft_120hz,0.13,g,
2026-05-16T23:40:12.666Z,transformador/vibracao/fft_240hz,0.06,g,
2026-05-16T23:40:14.168Z,transformador/nucleo/temperatura,57.7,°C,
2026-05-16T23:40:14.168Z,transformador/nucleo/delta_t,10.86,°C,
2026-05-16T23:40:14.168Z,transformador/primario/corrente,2.44,A,
2026-05-16T23:40:14.168Z,transformador/secundario/corrente,18.84,A,
2026-05-16T23:40:14.168Z,transformador/vibracao/fft_120hz,0.03,g,
2026-05-16T23:40:14.168Z,transformador/vibracao/fft_240hz,0.02,g,
2026-05-16T23:40:15.669Z,transformador/nucleo/temperatura,55.28,°C,
2026-05-16T23:40:15.669Z,transformador/nucleo/delta_t,5,°C,
2026-05-16T23:40:15.669Z,transformador/primario/corrente,3.34,A,
2026-05-16T23:40:15.669Z,transformador/secundario/corrente,20.65,A,
2026-05-16T23:40:15.669Z,transformador/vibracao/fft_120hz,0.03,g,
2026-05-16T23:40:15.669Z,transformador/vibracao/fft_240hz,0.01,g,
2026-05-16T23:40:17.170Z,transformador/nucleo/temperatura,56.75,°C,
2026-05-16T23:40:17.170Z,transformador/nucleo/delta_t,8.46,°C,
2026-05-16T23:40:17.170Z,transformador/primario/corrente,3.55,A,
2026-05-16T23:40:17.170Z,transformador/secundario/corrente,27.76,A,
2026-05-16T23:40:17.170Z,transformador/vibracao/fft_120hz,0.08,g,
2026-05-16T23:40:17.170Z,transformador/vibracao/fft_240hz,0.01,g,
2026-05-16T23:40:18.671Z,transformador/nucleo/temperatura,55.02,°C,
2026-05-16T23:40:18.671Z,transformador/nucleo/delta_t,4.75,°C,
2026-05-16T23:40:18.671Z,transformador/primario/corrente,2.96,A,
2026-05-16T23:40:18.671Z,transformador/secundario/corrente,20.31,A,
2026-05-16T23:40:18.671Z,transformador/vibracao/fft_120hz,0.14,g,
2026-05-16T23:40:18.671Z,transformador/vibracao/fft_240hz,0.07,g,
2026-05-16T23:40:20.174Z,transformador/nucleo/temperatura,49.68,°C,
2026-05-16T23:40:20.174Z,transformador/nucleo/delta_t,10.21,°C,
2026-05-16T23:40:20.174Z,transformador/primario/corrente,5.65,A,
2026-05-16T23:40:20.174Z,transformador/secundario/corrente,26.09,A,
2026-05-16T23:40:20.174Z,transformador/vibracao/fft_120hz,0.04,g,
2026-05-16T23:40:20.174Z,transformador/vibracao/fft_240hz,0.01,g,
2026-05-16T23:40:21.674Z,transformador/nucleo/temperatura,47.96,°C,
2026-05-16T23:40:21.674Z,transformador/nucleo/delta_t,5.85,°C,
2026-05-16T23:40:21.674Z,transformador/primario/corrente,3.26,A,
2026-05-16T23:40:21.674Z,transformador/secundario/corrente,19.99,A,
2026-05-16T23:40:21.674Z,transformador/vibracao/fft_120hz,0.13,g,
2026-05-16T23:40:21.674Z,transformador/vibracao/fft_240hz,0.06,g,
2026-05-16T23:40:23.176Z,transformador/nucleo/temperatura,47.21,°C,
2026-05-16T23:40:23.176Z,transformador/nucleo/delta_t,6.76,°C,
2026-05-16T23:40:23.176Z,transformador/primario/corrente,2.91,A,
2026-05-16T23:40:23.176Z,transformador/secundario/corrente,44.88,A,
2026-05-16T23:40:23.176Z,transformador/vibracao/fft_120hz,0.03,g,
2026-05-16T23:40:23.176Z,transformador/vibracao/fft_240hz,0.27,g,
2026-05-16T23:40:24.677Z,transformador/nucleo/temperatura,58.07,°C,
2026-05-16T23:40:24.677Z,transformador/nucleo/delta_t,6.39,°C,
2026-05-16T23:40:24.677Z,transformador/primario/corrente,2.1,A,
2026-05-16T23:40:24.677Z,transformador/secundario/corrente,46.33,A,
2026-05-16T23:40:24.677Z,transformador/vibracao/fft_120hz,0.06,g,
2026-05-16T23:40:24.677Z,transformador/vibracao/fft_240hz,0,g,
2026-05-16T23:40:26.179Z,transformador/nucleo/temperatura,56.5,°C,
2026-05-16T23:40:26.179Z,transformador/nucleo/delta_t,6.7,°C,
2026-05-16T23:40:26.179Z,transformador/primario/corrente,2.31,A,
2026-05-16T23:40:26.179Z,transformador/secundario/corrente,19.46,A,
2026-05-16T23:40:26.179Z,transformador/vibracao/fft_120hz,0.06,g,
2026-05-16T23:40:26.179Z,transformador/vibracao/fft_240hz,0.05,g,
2026-05-16T23:40:27.679Z,transformador/nucleo/temperatura,58.55,°C,
2026-05-16T23:40:27.679Z,transformador/nucleo/delta_t,9.71,°C,
2026-05-16T23:40:27.679Z,transformador/primario/corrente,2.6,A,
2026-05-16T23:40:27.679Z,transformador/secundario/corrente,17.54,A,
2026-05-16T23:40:27.679Z,transformador/vibracao/fft_120hz,0.08,g,
2026-05-16T23:40:27.679Z,transformador/vibracao/fft_240hz,0.01,g,
2026-05-16T23:40:29.182Z,transformador/nucleo/temperatura,62.33,°C,
2026-05-16T23:40:29.182Z,transformador/nucleo/delta_t,6.05,°C,
2026-05-16T23:40:29.182Z,transformador/primario/corrente,3.59,A,
2026-05-16T23:40:29.182Z,transformador/secundario/corrente,42.54,A,
2026-05-16T23:40:29.182Z,transformador/vibracao/fft_120hz,0.13,g,
2026-05-16T23:40:29.182Z,transformador/vibracao/fft_240hz,0.06,g,
2026-05-16T23:40:30.684Z,transformador/nucleo/temperatura,56.16,°C,
2026-05-16T23:40:30.684Z,transformador/nucleo/delta_t,9.37,°C,
2026-05-16T23:40:30.684Z,transformador/primario/corrente,2.45,A,
2026-05-16T23:40:30.684Z,transformador/secundario/corrente,16.88,A,
2026-05-16T23:40:30.684Z,transformador/vibracao/fft_120hz,0.07,g,
2026-05-16T23:40:30.684Z,transformador/vibracao/fft_240hz,0,g,
2026-05-16T23:40:32.186Z,transformador/nucleo/temperatura,63.02,°C,
2026-05-16T23:40:32.186Z,transformador/nucleo/delta_t,8.05,°C,
2026-05-16T23:40:32.186Z,transformador/primario/corrente,3.01,A,
2026-05-16T23:40:32.186Z,transformador/secundario/corrente,20.12,A,
2026-05-16T23:40:32.186Z,transformador/vibracao/fft_120hz,0.11,g,
2026-05-16T23:40:32.186Z,transformador/vibracao/fft_240hz,0.07,g,
2026-05-16T23:40:33.687Z,transformador/nucleo/temperatura,48.07,°C,
2026-05-16T23:40:33.687Z,transformador/nucleo/delta_t,8.8,°C,
2026-05-16T23:40:33.687Z,transformador/primario/corrente,2.55,A,
2026-05-16T23:40:33.687Z,transformador/secundario/corrente,27.85,A,
2026-05-16T23:40:33.687Z,transformador/vibracao/fft_120hz,0.04,g,
2026-05-16T23:40:33.687Z,transformador/vibracao/fft_240hz,0.07,g,
2026-05-16T23:40:35.188Z,transformador/nucleo/temperatura,59.24,°C,
2026-05-16T23:40:35.188Z,transformador/nucleo/delta_t,6.49,°C,
2026-05-16T23:40:35.188Z,transformador/primario/corrente,3.1,A,
2026-05-16T23:40:35.188Z,transformador/secundario/corrente,27.1,A,
2026-05-16T23:40:35.188Z,transformador/vibracao/fft_120hz,0.03,g,
2026-05-16T23:40:35.188Z,transformador/vibracao/fft_240hz,0.06,g,
2026-05-16T23:40:36.689Z,transformador/nucleo/temperatura,58.83,°C,
2026-05-16T23:40:36.689Z,transformador/nucleo/delta_t,11.15,°C,
2026-05-16T23:40:36.689Z,transformador/primario/corrente,3.01,A,
2026-05-16T23:40:36.689Z,transformador/secundario/corrente,21.96,A,
2026-05-16T23:40:36.689Z,transformador/vibracao/fft_120hz,0.14,g,
2026-05-16T23:40:36.689Z,transformador/vibracao/fft_240hz,0.07,g,
2026-05-16T23:40:38.191Z,transformador/nucleo/temperatura,54.59,°C,
2026-05-16T23:40:38.191Z,transformador/nucleo/delta_t,7.56,°C,
2026-05-16T23:40:38.191Z,transformador/primario/corrente,2.21,A,
2026-05-16T23:40:38.191Z,transformador/secundario/corrente,18.12,A,
2026-05-16T23:40:38.191Z,transformador/vibracao/fft_120hz,0.03,g,
2026-05-16T23:40:38.191Z,transformador/vibracao/fft_240hz,0.07,g,
2026-05-16T23:40:39.693Z,transformador/nucleo/temperatura,50.38,°C,
2026-05-16T23:40:39.693Z,transformador/nucleo/delta_t,10.43,°C,
2026-05-16T23:40:39.693Z,transformador/primario/corrente,2.95,A,
2026-05-16T23:40:39.693Z,transformador/secundario/corrente,27.92,A,
2026-05-16T23:40:39.693Z,transformador/vibracao/fft_120hz,0.09,g,
2026-05-16T23:40:39.693Z,transformador/vibracao/fft_240hz,0.04,g,
2026-05-16T23:40:41.194Z,transformador/nucleo/temperatura,63.56,°C,
2026-05-16T23:40:41.194Z,transformador/nucleo/delta_t,4.22,°C,
2026-05-16T23:40:41.194Z,transformador/primario/corrente,2.9,A,
2026-05-16T23:40:41.194Z,transformador/secundario/corrente,21,A,
2026-05-16T23:40:41.194Z,transformador/vibracao/fft_120hz,0.08,g,
2026-05-16T23:40:41.194Z,transformador/vibracao/fft_240hz,0.04,g,
2026-05-16T23:40:42.696Z,transformador/nucleo/temperatura,55.61,°C,
2026-05-16T23:40:42.696Z,transformador/nucleo/delta_t,6.02,°C,
2026-05-16T23:40:42.696Z,transformador/primario/corrente,2.36,A,
2026-05-16T23:40:42.696Z,transformador/secundario/corrente,22.03,A,
2026-05-16T23:40:42.696Z,transformador/vibracao/fft_120hz,0.33,g,
2026-05-16T23:40:42.696Z,transformador/vibracao/fft_240hz,0.08,g,
2026-05-16T23:40:44.198Z,transformador/nucleo/temperatura,47.97,°C,
2026-05-16T23:40:44.198Z,transformador/nucleo/delta_t,9.84,°C,
2026-05-16T23:40:44.198Z,transformador/primario/corrente,3.05,A,
2026-05-16T23:40:44.198Z,transformador/secundario/corrente,20.42,A,
2026-05-16T23:40:44.198Z,transformador/vibracao/fft_120hz,0.14,g,
2026-05-16T23:40:44.198Z,transformador/vibracao/fft_240hz,0.04,g,
2026-05-16T23:40:45.698Z,transformador/nucleo/temperatura,63.13,°C,
2026-05-16T23:40:45.698Z,transformador/nucleo/delta_t,11.01,°C,
2026-05-16T23:40:45.698Z,transformador/primario/corrente,3.4,A,
2026-05-16T23:40:45.698Z,transformador/secundario/corrente,19.62,A,
2026-05-16T23:40:45.698Z,transformador/vibracao/fft_120hz,0.35,g,
2026-05-16T23:40:45.698Z,transformador/vibracao/fft_240hz,0.04,g,
2026-05-16T23:40:47.200Z,transformador/nucleo/temperatura,62.73,°C,
2026-05-16T23:40:47.200Z,transformador/nucleo/delta_t,10.04,°C,
2026-05-16T23:40:47.200Z,transformador/primario/corrente,3.23,A,
2026-05-16T23:40:47.200Z,transformador/secundario/corrente,20.75,A,
2026-05-16T23:40:47.200Z,transformador/vibracao/fft_120hz,0.02,g,
2026-05-16T23:40:47.200Z,transformador/vibracao/fft_240hz,0.02,g,
2026-05-16T23:40:48.701Z,transformador/nucleo/temperatura,54.6,°C,
2026-05-16T23:40:48.701Z,transformador/nucleo/delta_t,7.82,°C,
2026-05-16T23:40:48.701Z,transformador/primario/corrente,3.3,A,
2026-05-16T23:40:48.701Z,transformador/secundario/corrente,24.22,A,
2026-05-16T23:40:48.701Z,transformador/vibracao/fft_120hz,0.13,g,
2026-05-16T23:40:48.701Z,transformador/vibracao/fft_240hz,0.02,g,
2026-05-16T23:40:50.203Z,transformador/nucleo/temperatura,59.24,°C,
2026-05-16T23:40:50.203Z,transformador/nucleo/delta_t,10.23,°C,
2026-05-16T23:40:50.203Z,transformador/primario/corrente,2.85,A,
2026-05-16T23:40:50.203Z,transformador/secundario/corrente,22.63,A,
2026-05-16T23:40:50.203Z,transformador/vibracao/fft_120hz,0.06,g,
2026-05-16T23:40:50.203Z,transformador/vibracao/fft_240hz,0.05,g,
2026-05-16T23:40:51.705Z,transformador/nucleo/temperatura,63.86,°C,
2026-05-16T23:40:51.705Z,transformador/nucleo/delta_t,5.5,°C,
2026-05-16T23:40:51.705Z,transformador/primario/corrente,2.14,A,
2026-05-16T23:40:51.705Z,transformador/secundario/corrente,16.37,A,
2026-05-16T23:40:51.705Z,transformador/vibracao/fft_120hz,0.07,g,
2026-05-16T23:40:51.705Z,transformador/vibracao/fft_240hz,0.07,g,
2026-05-16T23:40:53.206Z,transformador/nucleo/temperatura,60.56,°C,
2026-05-16T23:40:53.206Z,transformador/nucleo/delta_t,8.6,°C,
2026-05-16T23:40:53.206Z,transformador/primario/corrente,3.22,A,
2026-05-16T23:40:53.206Z,transformador/secundario/corrente,24.42,A,
2026-05-16T23:40:53.206Z,transformador/vibracao/fft_120hz,0.12,g,
2026-05-16T23:40:53.206Z,transformador/vibracao/fft_240hz,0.02,g,
2026-05-16T23:40:54.708Z,transformador/nucleo/temperatura,45.59,°C,
2026-05-16T23:40:54.708Z,transformador/nucleo/delta_t,6.29,°C,
2026-05-16T23:40:54.708Z,transformador/primario/corrente,3.05,A,
2026-05-16T23:40:54.708Z,transformador/secundario/corrente,19,A,
2026-05-16T23:40:54.708Z,transformador/vibracao/fft_120hz,0.09,g,
2026-05-16T23:40:54.708Z,transformador/vibracao/fft_240hz,0.02,g,
2026-05-16T23:40:56.211Z,transformador/nucleo/temperatura,58.48,°C,
2026-05-16T23:40:56.211Z,transformador/nucleo/delta_t,7.67,°C,
2026-05-16T23:40:56.211Z,transformador/primario/corrente,2.42,A,
2026-05-16T23:40:56.211Z,transformador/secundario/corrente,19.53,A,
2026-05-16T23:40:56.211Z,transformador/vibracao/fft_120hz,0.67,g,
2026-05-16T23:40:56.211Z,transformador/vibracao/fft_240hz,0.01,g,
2026-05-16T23:40:57.713Z,transformador/nucleo/temperatura,55.87,°C,
2026-05-16T23:40:57.713Z,transformador/nucleo/delta_t,11.34,°C,
2026-05-16T23:40:57.713Z,transformador/primario/corrente,3.56,A,
2026-05-16T23:40:57.713Z,transformador/secundario/corrente,48.42,A,
2026-05-16T23:40:57.713Z,transformador/vibracao/fft_120hz,0.12,g,
2026-05-16T23:40:57.713Z,transformador/vibracao/fft_240hz,0.06,g,
2026-05-16T23:40:59.214Z,transformador/nucleo/temperatura,55.68,°C,
2026-05-16T23:40:59.214Z,transformador/nucleo/delta_t,7.96,°C,
2026-05-16T23:40:59.214Z,transformador/primario/corrente,3.47,A,
2026-05-16T23:40:59.214Z,transformador/secundario/corrente,19.18,A,
2026-05-16T23:40:59.214Z,transformador/vibracao/fft_120hz,0.03,g,
2026-05-16T23:40:59.214Z,transformador/vibracao/fft_240hz,0.04,g,
2026-05-16T23:41:00.717Z,transformador/nucleo/temperatura,57.11,°C,
2026-05-16T23:41:00.717Z,transformador/nucleo/delta_t,10.95,°C,
2026-05-16T23:41:00.717Z,transformador/primario/corrente,3.22,A,
2026-05-16T23:41:00.717Z,transformador/secundario/corrente,25.54,A,
2026-05-16T23:41:00.717Z,transformador/vibracao/fft_120hz,0.6,g,
2026-05-16T23:41:00.717Z,transformador/vibracao/fft_240hz,0.03,g,
2026-05-16T23:41:02.218Z,transformador/nucleo/temperatura,48.78,°C,
2026-05-16T23:41:02.218Z,transformador/nucleo/delta_t,4.53,°C,
2026-05-16T23:41:02.218Z,transformador/primario/corrente,3.22,A,
2026-05-16T23:41:02.218Z,transformador/secundario/corrente,21.62,A,
2026-05-16T23:41:02.218Z,transformador/vibracao/fft_120hz,0.07,g,
2026-05-16T23:41:02.218Z,transformador/vibracao/fft_240hz,0.07,g,
2026-05-16T23:41:03.719Z,transformador/nucleo/temperatura,50.98,°C,
2026-05-16T23:41:03.719Z,transformador/nucleo/delta_t,9.36,°C,
2026-05-16T23:41:03.719Z,transformador/primario/corrente,3.47,A,
2026-05-16T23:41:03.719Z,transformador/secundario/corrente,21.71,A,
2026-05-16T23:41:03.719Z,transformador/vibracao/fft_120hz,0.14,g,
2026-05-16T23:41:03.719Z,transformador/vibracao/fft_240hz,0.07,g,
2026-05-16T23:41:05.220Z,transformador/nucleo/temperatura,47.32,°C,
2026-05-16T23:41:05.220Z,transformador/nucleo/delta_t,10.2,°C,
2026-05-16T23:41:05.220Z,transformador/primario/corrente,2.26,A,
2026-05-16T23:41:05.220Z,transformador/secundario/corrente,27.67,A,
2026-05-16T23:41:05.220Z,transformador/vibracao/fft_120hz,0.1,g,
2026-05-16T23:41:05.220Z,transformador/vibracao/fft_240hz,0.06,g,
2026-05-16T23:41:06.722Z,transformador/nucleo/temperatura,55.89,°C,
2026-05-16T23:41:06.722Z,transformador/nucleo/delta_t,7.32,°C,
2026-05-16T23:41:06.722Z,transformador/primario/corrente,2.74,A,
2026-05-16T23:41:06.722Z,transformador/secundario/corrente,16.21,A,
2026-05-16T23:41:06.722Z,transformador/vibracao/fft_120hz,0.05,g,
2026-05-16T23:41:06.722Z,transformador/vibracao/fft_240hz,0.06,g,
2026-05-16T23:41:08.224Z,transformador/nucleo/temperatura,54.07,°C,
2026-05-16T23:41:08.224Z,transformador/nucleo/delta_t,9.31,°C,
2026-05-16T23:41:08.224Z,transformador/primario/corrente,2.69,A,
2026-05-16T23:41:08.224Z,transformador/secundario/corrente,18.02,A,
2026-05-16T23:41:08.224Z,transformador/vibracao/fft_120hz,0.06,g,
2026-05-16T23:41:08.224Z,transformador/vibracao/fft_240hz,0.07,g,
2026-05-16T23:41:09.726Z,transformador/nucleo/temperatura,59.21,°C,
2026-05-16T23:41:09.726Z,transformador/nucleo/delta_t,16.84,°C,
2026-05-16T23:41:09.726Z,transformador/primario/corrente,2.8,A,
2026-05-16T23:41:09.726Z,transformador/secundario/corrente,25.49,A,
2026-05-16T23:41:09.726Z,transformador/vibracao/fft_120hz,0.04,g,
2026-05-16T23:41:09.726Z,transformador/vibracao/fft_240hz,0.06,g,
2026-05-16T23:41:11.228Z,transformador/nucleo/temperatura,47.07,°C,
2026-05-16T23:41:11.228Z,transformador/nucleo/delta_t,4.58,°C,
2026-05-16T23:41:11.228Z,transformador/primario/corrente,3.3,A,
2026-05-16T23:41:11.228Z,transformador/secundario/corrente,24.39,A,
2026-05-16T23:41:11.228Z,transformador/vibracao/fft_120hz,0.05,g,
2026-05-16T23:41:11.228Z,transformador/vibracao/fft_240hz,0.03,g,
2026-05-16T23:41:12.730Z,transformador/nucleo/temperatura,55.64,°C,
2026-05-16T23:41:12.730Z,transformador/nucleo/delta_t,23.97,°C,
2026-05-16T23:41:12.730Z,transformador/primario/corrente,2.99,A,
2026-05-16T23:41:12.730Z,transformador/secundario/corrente,23,A,
2026-05-16T23:41:12.730Z,transformador/vibracao/fft_120hz,0.1,g,
2026-05-16T23:41:12.730Z,transformador/vibracao/fft_240hz,0.03,g,
2026-05-16T23:41:14.231Z,transformador/nucleo/temperatura,54.69,°C,
2026-05-16T23:41:14.231Z,transformador/nucleo/delta_t,6.85,°C,
2026-05-16T23:41:14.231Z,transformador/primario/corrente,3.47,A,
2026-05-16T23:41:14.231Z,transformador/secundario/corrente,17.82,A,
2026-05-16T23:41:14.231Z,transformador/vibracao/fft_120hz,0.03,g,
2026-05-16T23:41:14.231Z,transformador/vibracao/fft_240hz,0.06,g,
2026-05-16T23:41:15.732Z,transformador/nucleo/temperatura,53.17,°C,
2026-05-16T23:41:15.732Z,transformador/nucleo/delta_t,23.64,°C,
2026-05-16T23:41:15.732Z,transformador/primario/corrente,2.07,A,
2026-05-16T23:41:15.732Z,transformador/secundario/corrente,18.12,A,
2026-05-16T23:41:15.732Z,transformador/vibracao/fft_120hz,0.08,g,
2026-05-16T23:41:15.732Z,transformador/vibracao/fft_240hz,0.08,g,
2026-05-16T23:41:17.234Z,transformador/nucleo/temperatura,57.49,°C,
2026-05-16T23:41:17.234Z,transformador/nucleo/delta_t,10.67,°C,
2026-05-16T23:41:17.234Z,transformador/primario/corrente,2.52,A,
2026-05-16T23:41:17.234Z,transformador/secundario/corrente,19.69,A,
2026-05-16T23:41:17.234Z,transformador/vibracao/fft_120hz,0.06,g,
2026-05-16T23:41:17.234Z,transformador/vibracao/fft_240hz,0.07,g,
2026-05-16T23:41:18.735Z,transformador/nucleo/temperatura,62.72,°C,
2026-05-16T23:41:18.735Z,transformador/nucleo/delta_t,4.6,°C,
2026-05-16T23:41:18.735Z,transformador/primario/corrente,2.82,A,
2026-05-16T23:41:18.735Z,transformador/secundario/corrente,27.47,A,
2026-05-16T23:41:18.735Z,transformador/vibracao/fft_120hz,0.09,g,
2026-05-16T23:41:18.735Z,transformador/vibracao/fft_240hz,0.02,g,
2026-05-16T23:41:20.237Z,transformador/nucleo/temperatura,49.61,°C,
2026-05-16T23:41:20.237Z,transformador/nucleo/delta_t,11.63,°C,
2026-05-16T23:41:20.237Z,transformador/primario/corrente,2.19,A,
2026-05-16T23:41:20.237Z,transformador/secundario/corrente,18.11,A,
2026-05-16T23:41:20.237Z,transformador/vibracao/fft_120hz,0.06,g,
2026-05-16T23:41:20.237Z,transformador/vibracao/fft_240hz,0.06,g,
2026-05-16T23:41:21.739Z,transformador/nucleo/temperatura,58.7,°C,
2026-05-16T23:41:21.739Z,transformador/nucleo/delta_t,10.88,°C,
2026-05-16T23:41:21.739Z,transformador/primario/corrente,2.39,A,
2026-05-16T23:41:21.739Z,transformador/secundario/corrente,21.52,A,
2026-05-16T23:41:21.739Z,transformador/vibracao/fft_120hz,0.03,g,
2026-05-16T23:41:21.739Z,transformador/vibracao/fft_240hz,0.05,g,
2026-05-16T23:41:23.240Z,transformador/nucleo/temperatura,55.03,°C,
2026-05-16T23:41:23.240Z,transformador/nucleo/delta_t,9.3,°C,
2026-05-16T23:41:23.240Z,transformador/primario/corrente,2.54,A,
2026-05-16T23:41:23.240Z,transformador/secundario/corrente,25.18,A,
2026-05-16T23:41:23.240Z,transformador/vibracao/fft_120hz,0.06,g,
2026-05-16T23:41:23.240Z,transformador/vibracao/fft_240hz,0,g,
2026-05-16T23:41:24.741Z,transformador/nucleo/temperatura,58.65,°C,
2026-05-16T23:41:24.741Z,transformador/nucleo/delta_t,7.67,°C,
2026-05-16T23:41:24.741Z,transformador/primario/corrente,2.54,A,
2026-05-16T23:41:24.741Z,transformador/secundario/corrente,26.66,A,
2026-05-16T23:41:24.741Z,transformador/vibracao/fft_120hz,0.12,g,
2026-05-16T23:41:24.741Z,transformador/vibracao/fft_240hz,0.03,g,
2026-05-16T23:41:26.242Z,transformador/nucleo/temperatura,59.5,°C,
2026-05-16T23:41:26.242Z,transformador/nucleo/delta_t,11.15,°C,
2026-05-16T23:41:26.242Z,transformador/primario/corrente,3.26,A,
2026-05-16T23:41:26.242Z,transformador/secundario/corrente,18.44,A,
2026-05-16T23:41:26.242Z,transformador/vibracao/fft_120hz,0.1,g,
2026-05-16T23:41:26.242Z,transformador/vibracao/fft_240hz,0,g,
2026-05-16T23:41:27.744Z,transformador/nucleo/temperatura,60.23,°C,
2026-05-16T23:41:27.744Z,transformador/nucleo/delta_t,4.64,°C,
2026-05-16T23:41:27.744Z,transformador/primario/corrente,3.39,A,
2026-05-16T23:41:27.744Z,transformador/secundario/corrente,19.01,A,
2026-05-16T23:41:27.744Z,transformador/vibracao/fft_120hz,0.04,g,
2026-05-16T23:41:27.744Z,transformador/vibracao/fft_240hz,0.06,g,
2026-05-16T23:41:29.246Z,transformador/nucleo/temperatura,50.41,°C,
2026-05-16T23:41:29.246Z,transformador/nucleo/delta_t,8.63,°C,
2026-05-16T23:41:29.246Z,transformador/primario/corrente,2.65,A,
2026-05-16T23:41:29.246Z,transformador/secundario/corrente,22.04,A,
2026-05-16T23:41:29.246Z,transformador/vibracao/fft_120hz,0.06,g,
2026-05-16T23:41:29.246Z,transformador/vibracao/fft_240hz,0.02,g,
2026-05-16T23:41:30.747Z,transformador/nucleo/temperatura,56.61,°C,
2026-05-16T23:41:30.747Z,transformador/nucleo/delta_t,4.68,°C,
2026-05-16T23:41:30.747Z,transformador/primario/corrente,2.74,A,
2026-05-16T23:41:30.747Z,transformador/secundario/corrente,26.32,A,
2026-05-16T23:41:30.747Z,transformador/vibracao/fft_120hz,0.05,g,
2026-05-16T23:41:30.747Z,transformador/vibracao/fft_240hz,0.06,g,
2026-05-16T23:41:32.249Z,transformador/nucleo/temperatura,51.94,°C,
2026-05-16T23:41:32.249Z,transformador/nucleo/delta_t,9.34,°C,
2026-05-16T23:41:32.249Z,transformador/primario/corrente,2.3,A,
2026-05-16T23:41:32.249Z,transformador/secundario/corrente,25.11,A,
2026-05-16T23:41:32.249Z,transformador/vibracao/fft_120hz,0.04,g,
2026-05-16T23:41:32.249Z,transformador/vibracao/fft_240hz,0.06,g,
2026-05-16T23:41:33.750Z,transformador/nucleo/temperatura,54.99,°C,
2026-05-16T23:41:33.750Z,transformador/nucleo/delta_t,7.41,°C,
2026-05-16T23:41:33.750Z,transformador/primario/corrente,3.08,A,
2026-05-16T23:41:33.750Z,transformador/secundario/corrente,20.88,A,
2026-05-16T23:41:33.750Z,transformador/vibracao/fft_120hz,0.11,g,
2026-05-16T23:41:33.750Z,transformador/vibracao/fft_240hz,0.3,g,
2026-05-16T23:41:35.251Z,transformador/nucleo/temperatura,48.62,°C,
2026-05-16T23:41:35.251Z,transformador/nucleo/delta_t,9.3,°C,
2026-05-16T23:41:35.251Z,transformador/primario/corrente,2.72,A,
2026-05-16T23:41:35.251Z,transformador/secundario/corrente,24.85,A,
2026-05-16T23:41:35.251Z,transformador/vibracao/fft_120hz,0.12,g,
2026-05-16T23:41:35.251Z,transformador/vibracao/fft_240hz,0.04,g,
2026-05-16T23:41:36.753Z,transformador/nucleo/temperatura,55.29,°C,
2026-05-16T23:41:36.753Z,transformador/nucleo/delta_t,5.06,°C,
2026-05-16T23:41:36.753Z,transformador/primario/corrente,2.48,A,
2026-05-16T23:41:36.753Z,transformador/secundario/corrente,23.02,A,
2026-05-16T23:41:36.753Z,transformador/vibracao/fft_120hz,0.11,g,
2026-05-16T23:41:36.753Z,transformador/vibracao/fft_240hz,0.08,g,
2026-05-16T23:41:38.254Z,transformador/nucleo/temperatura,51.55,°C,
2026-05-16T23:41:38.254Z,transformador/nucleo/delta_t,5.93,°C,
2026-05-16T23:41:38.254Z,transformador/primario/corrente,3.11,A,
2026-05-16T23:41:38.254Z,transformador/secundario/corrente,17.23,A,
2026-05-16T23:41:38.254Z,transformador/vibracao/fft_120hz,0.1,g,
2026-05-16T23:41:38.254Z,transformador/vibracao/fft_240hz,0.02,g,
2026-05-16T23:41:39.755Z,transformador/nucleo/temperatura,53.23,°C,
2026-05-16T23:41:39.755Z,transformador/nucleo/delta_t,10.46,°C,
2026-05-16T23:41:39.755Z,transformador/primario/corrente,3.1,A,
2026-05-16T23:41:39.755Z,transformador/secundario/corrente,26.88,A,
2026-05-16T23:41:39.755Z,transformador/vibracao/fft_120hz,0.07,g,
2026-05-16T23:41:39.755Z,transformador/vibracao/fft_240hz,0.08,g,
2026-05-16T23:41:41.257Z,transformador/nucleo/temperatura,61.66,°C,
2026-05-16T23:41:41.257Z,transformador/nucleo/delta_t,6.17,°C,
2026-05-16T23:41:41.257Z,transformador/primario/corrente,2.73,A,
2026-05-16T23:41:41.257Z,transformador/secundario/corrente,17.64,A,
2026-05-16T23:41:41.257Z,transformador/vibracao/fft_120hz,0.07,g,
2026-05-16T23:41:41.257Z,transformador/vibracao/fft_240hz,0.08,g,
2026-05-16T23:41:42.758Z,transformador/nucleo/temperatura,54.68,°C,
2026-05-16T23:41:42.758Z,transformador/nucleo/delta_t,10.49,°C,
2026-05-16T23:41:42.758Z,transformador/primario/corrente,2.39,A,
2026-05-16T23:41:42.758Z,transformador/secundario/corrente,27.87,A,
2026-05-16T23:41:42.758Z,transformador/vibracao/fft_120hz,0.03,g,
2026-05-16T23:41:42.758Z,transformador/vibracao/fft_240hz,0.04,g,
2026-05-16T23:41:44.260Z,transformador/nucleo/temperatura,74.48,°C,
2026-05-16T23:41:44.260Z,transformador/nucleo/delta_t,28.67,°C,
2026-05-16T23:41:44.260Z,transformador/primario/corrente,3.31,A,
2026-05-16T23:41:44.260Z,transformador/secundario/corrente,26.76,A,
2026-05-16T23:41:44.260Z,transformador/vibracao/fft_120hz,0.07,g,
2026-05-16T23:41:44.260Z,transformador/vibracao/fft_240hz,0.04,g,
2026-05-16T23:41:45.762Z,transformador/nucleo/temperatura,45.59,°C,
2026-05-16T23:41:45.762Z,transformador/nucleo/delta_t,5.66,°C,
2026-05-16T23:41:45.762Z,transformador/primario/corrente,2.44,A,
2026-05-16T23:41:45.762Z,transformador/secundario/corrente,17.65,A,
2026-05-16T23:41:45.762Z,transformador/vibracao/fft_120hz,0.06,g,
2026-05-16T23:41:45.762Z,transformador/vibracao/fft_240hz,0,g,
2026-05-16T23:41:47.264Z,transformador/nucleo/temperatura,50.35,°C,
2026-05-16T23:41:47.264Z,transformador/nucleo/delta_t,5.56,°C,
2026-05-16T23:41:47.264Z,transformador/primario/corrente,2.6,A,
2026-05-16T23:41:47.264Z,transformador/secundario/corrente,26.76,A,
2026-05-16T23:41:47.264Z,transformador/vibracao/fft_120hz,0.04,g,
2026-05-16T23:41:47.264Z,transformador/vibracao/fft_240hz,0.02,g,
2026-05-16T23:41:48.767Z,transformador/nucleo/temperatura,56.86,°C,
2026-05-16T23:41:48.767Z,transformador/nucleo/delta_t,10.29,°C,
2026-05-16T23:41:48.767Z,transformador/primario/corrente,3.42,A,
2026-05-16T23:41:48.767Z,transformador/secundario/corrente,17.46,A,
2026-05-16T23:41:48.767Z,transformador/vibracao/fft_120hz,0.13,g,
2026-05-16T23:41:48.767Z,transformador/vibracao/fft_240hz,0.05,g,
2026-05-16T23:41:50.267Z,transformador/nucleo/temperatura,48.61,°C,
2026-05-16T23:41:50.267Z,transformador/nucleo/delta_t,6.57,°C,
2026-05-16T23:41:50.267Z,transformador/primario/corrente,3.24,A,
2026-05-16T23:41:50.267Z,transformador/secundario/corrente,17.85,A,
2026-05-16T23:41:50.267Z,transformador/vibracao/fft_120hz,0.14,g,
2026-05-16T23:41:50.267Z,transformador/vibracao/fft_240hz,0.01,g,
2026-05-16T23:41:51.769Z,transformador/nucleo/temperatura,53.54,°C,
2026-05-16T23:41:51.769Z,transformador/nucleo/delta_t,10.38,°C,
2026-05-16T23:41:51.769Z,transformador/primario/corrente,2.53,A,
2026-05-16T23:41:51.769Z,transformador/secundario/corrente,18.98,A,
2026-05-16T23:41:51.769Z,transformador/vibracao/fft_120hz,0.07,g,
2026-05-16T23:41:51.769Z,transformador/vibracao/fft_240hz,0.06,g,
2026-05-16T23:41:53.270Z,transformador/nucleo/temperatura,46.26,°C,
2026-05-16T23:41:53.270Z,transformador/nucleo/delta_t,5.77,°C,
2026-05-16T23:41:53.270Z,transformador/primario/corrente,2.96,A,
2026-05-16T23:41:53.270Z,transformador/secundario/corrente,24.73,A,
2026-05-16T23:41:53.270Z,transformador/vibracao/fft_120hz,0.08,g,
2026-05-16T23:41:53.270Z,transformador/vibracao/fft_240hz,0.15,g,
2026-05-16T23:41:54.772Z,transformador/nucleo/temperatura,78.98,°C,
2026-05-16T23:41:54.772Z,transformador/nucleo/delta_t,11.82,°C,
2026-05-16T23:41:54.772Z,transformador/primario/corrente,3.11,A,
2026-05-16T23:41:54.772Z,transformador/secundario/corrente,26.67,A,
2026-05-16T23:41:54.772Z,transformador/vibracao/fft_120hz,0.13,g,
2026-05-16T23:41:54.772Z,transformador/vibracao/fft_240hz,0.05,g,
2026-05-16T23:41:56.272Z,transformador/nucleo/temperatura,53.5,°C,
2026-05-16T23:41:56.272Z,transformador/nucleo/delta_t,11.54,°C,
2026-05-16T23:41:56.272Z,transformador/primario/corrente,2.55,A,
2026-05-16T23:41:56.272Z,transformador/secundario/corrente,18.33,A,
2026-05-16T23:41:56.272Z,transformador/vibracao/fft_120hz,0.1,g,
2026-05-16T23:41:56.272Z,transformador/vibracao/fft_240hz,0.07,g,
2026-05-16T23:41:57.774Z,transformador/nucleo/temperatura,52.25,°C,
2026-05-16T23:41:57.774Z,transformador/nucleo/delta_t,11.54,°C,
2026-05-16T23:41:57.774Z,transformador/primario/corrente,3.14,A,
2026-05-16T23:41:57.774Z,transformador/secundario/corrente,18.28,A,
2026-05-16T23:41:57.774Z,transformador/vibracao/fft_120hz,0.09,g,
2026-05-16T23:41:57.774Z,transformador/vibracao/fft_240hz,0.03,g,
2026-05-16T23:41:59.276Z,transformador/nucleo/temperatura,64.06,°C,
2026-05-16T23:41:59.276Z,transformador/nucleo/delta_t,11.99,°C,
2026-05-16T23:41:59.276Z,transformador/primario/corrente,2.48,A,
2026-05-16T23:41:59.276Z,transformador/secundario/corrente,25.52,A,
2026-05-16T23:41:59.276Z,transformador/vibracao/fft_120hz,0.11,g,
2026-05-16T23:41:59.276Z,transformador/vibracao/fft_240hz,0.03,g,
2026-05-16T23:42:00.777Z,transformador/nucleo/temperatura,84.34,°C,
2026-05-16T23:42:00.777Z,transformador/nucleo/delta_t,10.54,°C,
2026-05-16T23:42:00.777Z,transformador/primario/corrente,2.17,A,
2026-05-16T23:42:00.777Z,transformador/secundario/corrente,26.76,A,
2026-05-16T23:42:00.777Z,transformador/vibracao/fft_120hz,0.03,g,
2026-05-16T23:42:00.777Z,transformador/vibracao/fft_240hz,0.02,g,
2026-05-16T23:42:02.279Z,transformador/nucleo/temperatura,61.08,°C,
2026-05-16T23:42:02.279Z,transformador/nucleo/delta_t,7.53,°C,
2026-05-16T23:42:02.279Z,transformador/primario/corrente,3.18,A,
2026-05-16T23:42:02.279Z,transformador/secundario/corrente,17.48,A,
2026-05-16T23:42:02.279Z,transformador/vibracao/fft_120hz,0.66,g,
2026-05-16T23:42:02.279Z,transformador/vibracao/fft_240hz,0.05,g,
2026-05-16T23:42:22.159Z,transformador/nucleo/temperatura,64.97,°C,
2026-05-16T23:42:22.159Z,transformador/nucleo/delta_t,7.55,°C,
2026-05-16T23:42:22.159Z,transformador/primario/corrente,6.69,A,
2026-05-16T23:42:22.159Z,transformador/secundario/corrente,18.42,A,
2026-05-16T23:42:22.159Z,transformador/vibracao/fft_120hz,0.06,g,
2026-05-16T23:42:22.159Z,transformador/vibracao/fft_240hz,0.04,g,
2026-05-16T23:42:23.659Z,transformador/nucleo/temperatura,86.44,°C,
2026-05-16T23:42:23.659Z,transformador/nucleo/delta_t,5.98,°C,
2026-05-16T23:42:23.659Z,transformador/primario/corrente,3.03,A,
2026-05-16T23:42:23.659Z,transformador/secundario/corrente,21.7,A,
2026-05-16T23:42:23.659Z,transformador/vibracao/fft_120hz,0.05,g,
2026-05-16T23:42:23.659Z,transformador/vibracao/fft_240hz,0.01,g,
2026-05-16T23:42:25.160Z,transformador/nucleo/temperatura,63.25,°C,
2026-05-16T23:42:25.160Z,transformador/nucleo/delta_t,4.53,°C,
2026-05-16T23:42:25.160Z,transformador/primario/corrente,2.72,A,
2026-05-16T23:42:25.160Z,transformador/secundario/corrente,21.86,A,
2026-05-16T23:42:25.160Z,transformador/vibracao/fft_120hz,0.1,g,
2026-05-16T23:42:25.160Z,transformador/vibracao/fft_240hz,0.05,g,
2026-05-16T23:42:26.662Z,transformador/nucleo/temperatura,54.86,°C,
2026-05-16T23:42:26.662Z,transformador/nucleo/delta_t,10.9,°C,
2026-05-16T23:42:26.662Z,transformador/primario/corrente,2.24,A,
2026-05-16T23:42:26.662Z,transformador/secundario/corrente,26.71,A,
2026-05-16T23:42:26.662Z,transformador/vibracao/fft_120hz,0.13,g,
2026-05-16T23:42:26.662Z,transformador/vibracao/fft_240hz,0.06,g,
2026-05-16T23:42:28.164Z,transformador/nucleo/temperatura,53.06,°C,
2026-05-16T23:42:28.164Z,transformador/nucleo/delta_t,6.86,°C,
2026-05-16T23:42:28.164Z,transformador/primario/corrente,2.89,A,
2026-05-16T23:42:28.164Z,transformador/secundario/corrente,21.86,A,
2026-05-16T23:42:28.164Z,transformador/vibracao/fft_120hz,0.09,g,
2026-05-16T23:42:28.164Z,transformador/vibracao/fft_240hz,0.02,g,
2026-05-16T23:42:29.665Z,transformador/nucleo/temperatura,47.62,°C,
2026-05-16T23:42:29.665Z,transformador/nucleo/delta_t,8.34,°C,
2026-05-16T23:42:29.665Z,transformador/primario/corrente,2.19,A,
2026-05-16T23:42:29.665Z,transformador/secundario/corrente,19.48,A,
2026-05-16T23:42:29.665Z,transformador/vibracao/fft_120hz,0.32,g,
2026-05-16T23:42:29.665Z,transformador/vibracao/fft_240hz,0.05,g,
2026-05-16T23:42:31.167Z,transformador/nucleo/temperatura,53.01,°C,
2026-05-16T23:42:31.167Z,transformador/nucleo/delta_t,10.94,°C,
2026-05-16T23:42:31.167Z,transformador/primario/corrente,2.18,A,
2026-05-16T23:42:31.167Z,transformador/secundario/corrente,19.19,A,
2026-05-16T23:42:31.167Z,transformador/vibracao/fft_120hz,0.03,g,
2026-05-16T23:42:31.167Z,transformador/vibracao/fft_240hz,0.04,g,
2026-05-16T23:42:32.669Z,transformador/nucleo/temperatura,46.42,°C,
2026-05-16T23:42:32.669Z,transformador/nucleo/delta_t,7.16,°C,
2026-05-16T23:42:32.669Z,transformador/primario/corrente,2.91,A,
2026-05-16T23:42:32.669Z,transformador/secundario/corrente,22.83,A,
2026-05-16T23:42:32.669Z,transformador/vibracao/fft_120hz,0.07,g,
2026-05-16T23:42:32.669Z,transformador/vibracao/fft_240hz,0.07,g,
2026-05-16T23:42:34.170Z,transformador/nucleo/temperatura,54.87,°C,
2026-05-16T23:42:34.170Z,transformador/nucleo/delta_t,5.53,°C,
2026-05-16T23:42:34.170Z,transformador/primario/corrente,3.57,A,
2026-05-16T23:42:34.170Z,transformador/secundario/corrente,16.79,A,
2026-05-16T23:42:34.170Z,transformador/vibracao/fft_120hz,0.1,g,
2026-05-16T23:42:34.170Z,transformador/vibracao/fft_240hz,0.02,g,
2026-05-16T23:42:35.672Z,transformador/nucleo/temperatura,56.7,°C,
2026-05-16T23:42:35.672Z,transformador/nucleo/delta_t,17.78,°C,
2026-05-16T23:42:35.672Z,transformador/primario/corrente,5.06,A,
2026-05-16T23:42:35.672Z,transformador/secundario/corrente,24.76,A,
2026-05-16T23:42:35.672Z,transformador/vibracao/fft_120hz,0.6,g,
2026-05-16T23:42:35.672Z,transformador/vibracao/fft_240hz,0.06,g,
2026-05-16T23:42:37.173Z,transformador/nucleo/temperatura,49.44,°C,
2026-05-16T23:42:37.173Z,transformador/nucleo/delta_t,27.48,°C,
2026-05-16T23:42:37.173Z,transformador/primario/corrente,3.12,A,
2026-05-16T23:42:37.173Z,transformador/secundario/corrente,16,A,
2026-05-16T23:42:37.173Z,transformador/vibracao/fft_120hz,0.12,g,
2026-05-16T23:42:37.173Z,transformador/vibracao/fft_240hz,0.06,g,
2026-05-16T23:42:38.675Z,transformador/nucleo/temperatura,46.43,°C,
2026-05-16T23:42:38.675Z,transformador/nucleo/delta_t,5.82,°C,
2026-05-16T23:42:38.675Z,transformador/primario/corrente,3.28,A,
2026-05-16T23:42:38.675Z,transformador/secundario/corrente,24.64,A,
2026-05-16T23:42:38.675Z,transformador/vibracao/fft_120hz,0.42,g,
2026-05-16T23:42:38.675Z,transformador/vibracao/fft_240hz,0.08,g,
2026-05-16T23:42:40.177Z,transformador/nucleo/temperatura,52.69,°C,
2026-05-16T23:42:40.177Z,transformador/nucleo/delta_t,11.53,°C,
2026-05-16T23:42:40.177Z,transformador/primario/corrente,2.18,A,
2026-05-16T23:42:40.177Z,transformador/secundario/corrente,25.46,A,
2026-05-16T23:42:40.177Z,transformador/vibracao/fft_120hz,0.1,g,
2026-05-16T23:42:40.177Z,transformador/vibracao/fft_240hz,0.02,g,
2026-05-16T23:42:41.679Z,transformador/nucleo/temperatura,57.4,°C,
2026-05-16T23:42:41.679Z,transformador/nucleo/delta_t,8.47,°C,
2026-05-16T23:42:41.679Z,transformador/primario/corrente,3.01,A,
2026-05-16T23:42:41.679Z,transformador/secundario/corrente,27.33,A,
2026-05-16T23:42:41.679Z,transformador/vibracao/fft_120hz,0.02,g,
2026-05-16T23:42:41.679Z,transformador/vibracao/fft_240hz,0.01,g,
2026-05-16T23:42:43.180Z,transformador/nucleo/temperatura,46.16,°C,
2026-05-16T23:42:43.180Z,transformador/nucleo/delta_t,6.13,°C,
2026-05-16T23:42:43.180Z,transformador/primario/corrente,3.18,A,
2026-05-16T23:42:43.180Z,transformador/secundario/corrente,19.03,A,
2026-05-16T23:42:43.180Z,transformador/vibracao/fft_120hz,0.14,g,
2026-05-16T23:42:43.180Z,transformador/vibracao/fft_240hz,0.02,g,
2026-05-16T23:42:44.682Z,transformador/nucleo/temperatura,57.84,°C,
2026-05-16T23:42:44.682Z,transformador/nucleo/delta_t,10.47,°C,
2026-05-16T23:42:44.682Z,transformador/primario/corrente,3.31,A,
2026-05-16T23:42:44.682Z,transformador/secundario/corrente,20.54,A,
2026-05-16T23:42:44.682Z,transformador/vibracao/fft_120hz,0.11,g,
2026-05-16T23:42:44.682Z,transformador/vibracao/fft_240hz,0.03,g,
2026-05-16T23:42:46.182Z,transformador/nucleo/temperatura,55.88,°C,
2026-05-16T23:42:46.182Z,transformador/nucleo/delta_t,11.14,°C,
2026-05-16T23:42:46.182Z,transformador/primario/corrente,2.29,A,
2026-05-16T23:42:46.182Z,transformador/secundario/corrente,17.13,A,
2026-05-16T23:42:46.182Z,transformador/vibracao/fft_120hz,0.02,g,
2026-05-16T23:42:46.182Z,transformador/vibracao/fft_240hz,0.08,g,
2026-05-16T23:42:47.683Z,transformador/nucleo/temperatura,47.41,°C,
2026-05-16T23:42:47.683Z,transformador/nucleo/delta_t,4.91,°C,
2026-05-16T23:42:47.683Z,transformador/primario/corrente,2.65,A,
2026-05-16T23:42:47.683Z,transformador/secundario/corrente,27.89,A,
2026-05-16T23:42:47.683Z,transformador/vibracao/fft_120hz,0.04,g,
2026-05-16T23:42:47.683Z,transformador/vibracao/fft_240hz,0.04,g,
2026-05-16T23:42:49.183Z,transformador/nucleo/temperatura,48.25,°C,
2026-05-16T23:42:49.183Z,transformador/nucleo/delta_t,4.2,°C,
2026-05-16T23:42:49.183Z,transformador/primario/corrente,2.02,A,
2026-05-16T23:42:49.183Z,transformador/secundario/corrente,22.43,A,
2026-05-16T23:42:49.183Z,transformador/vibracao/fft_120hz,0.27,g,
2026-05-16T23:42:49.183Z,transformador/vibracao/fft_240hz,0.19,g,
2026-05-16T23:42:50.684Z,transformador/nucleo/temperatura,47.77,°C,
2026-05-16T23:42:50.684Z,transformador/nucleo/delta_t,5.56,°C,
2026-05-16T23:42:50.684Z,transformador/primario/corrente,2.69,A,
2026-05-16T23:42:50.684Z,transformador/secundario/corrente,23.1,A,
2026-05-16T23:42:50.684Z,transformador/vibracao/fft_120hz,0.09,g,
2026-05-16T23:42:50.684Z,transformador/vibracao/fft_240hz,0.04,g,
2026-05-16T23:42:52.185Z,transformador/nucleo/temperatura,50.41,°C,
2026-05-16T23:42:52.185Z,transformador/nucleo/delta_t,9.85,°C,
2026-05-16T23:42:52.185Z,transformador/primario/corrente,3.6,A,
2026-05-16T23:42:52.185Z,transformador/secundario/corrente,27.15,A,
2026-05-16T23:42:52.185Z,transformador/vibracao/fft_120hz,0.12,g,
2026-05-16T23:42:52.185Z,transformador/vibracao/fft_240hz,0.04,g,
2026-05-16T23:42:53.685Z,transformador/nucleo/temperatura,46.8,°C,
2026-05-16T23:42:53.685Z,transformador/nucleo/delta_t,4.16,°C,
2026-05-16T23:42:53.685Z,transformador/primario/corrente,6.75,A,
2026-05-16T23:42:53.685Z,transformador/secundario/corrente,27.35,A,
2026-05-16T23:42:53.685Z,transformador/vibracao/fft_120hz,0.08,g,
2026-05-16T23:42:53.685Z,transformador/vibracao/fft_240hz,0.07,g,
2026-05-16T23:42:55.188Z,transformador/nucleo/temperatura,49.38,°C,
2026-05-16T23:42:55.188Z,transformador/nucleo/delta_t,11.8,°C,
2026-05-16T23:42:55.188Z,transformador/primario/corrente,2.02,A,
2026-05-16T23:42:55.188Z,transformador/secundario/corrente,18.67,A,
2026-05-16T23:42:55.188Z,transformador/vibracao/fft_120hz,0.05,g,
2026-05-16T23:42:55.188Z,transformador/vibracao/fft_240hz,0.02,g,
2026-05-16T23:42:56.689Z,transformador/nucleo/temperatura,57.28,°C,
2026-05-16T23:42:56.689Z,transformador/nucleo/delta_t,7.17,°C,
2026-05-16T23:42:56.689Z,transformador/primario/corrente,2.89,A,
2026-05-16T23:42:56.689Z,transformador/secundario/corrente,19.75,A,
2026-05-16T23:42:56.689Z,transformador/vibracao/fft_120hz,0.12,g,
2026-05-16T23:42:56.689Z,transformador/vibracao/fft_240hz,0.02,g,
2026-05-16T23:42:58.190Z,transformador/nucleo/temperatura,46.91,°C,
2026-05-16T23:42:58.190Z,transformador/nucleo/delta_t,9.83,°C,
2026-05-16T23:42:58.190Z,transformador/primario/corrente,7.73,A,
2026-05-16T23:42:58.190Z,transformador/secundario/corrente,22.29,A,
2026-05-16T23:42:58.190Z,transformador/vibracao/fft_120hz,0.05,g,
2026-05-16T23:42:58.190Z,transformador/vibracao/fft_240hz,0.02,g,
2026-05-16T23:42:59.692Z,transformador/nucleo/temperatura,47.54,°C,
2026-05-16T23:42:59.692Z,transformador/nucleo/delta_t,10.27,°C,
2026-05-16T23:42:59.692Z,transformador/primario/corrente,2.44,A,
2026-05-16T23:42:59.692Z,transformador/secundario/corrente,22.47,A,
2026-05-16T23:42:59.692Z,transformador/vibracao/fft_120hz,0.07,g,
2026-05-16T23:42:59.692Z,transformador/vibracao/fft_240hz,0.24,g,
2026-05-16T23:43:01.192Z,transformador/nucleo/temperatura,54.45,°C,
2026-05-16T23:43:01.192Z,transformador/nucleo/delta_t,7.65,°C,
2026-05-16T23:43:01.192Z,transformador/primario/corrente,2.57,A,
2026-05-16T23:43:01.192Z,transformador/secundario/corrente,26.44,A,
2026-05-16T23:43:01.192Z,transformador/vibracao/fft_120hz,0.13,g,
2026-05-16T23:43:01.192Z,transformador/vibracao/fft_240hz,0.01,g,
2026-05-16T23:43:02.694Z,transformador/nucleo/temperatura,52.62,°C,
2026-05-16T23:43:02.694Z,transformador/nucleo/delta_t,11.77,°C,
2026-05-16T23:43:02.694Z,transformador/primario/corrente,2.56,A,
2026-05-16T23:43:02.694Z,transformador/secundario/corrente,22.43,A,
2026-05-16T23:43:02.694Z,transformador/vibracao/fft_120hz,0.12,g,
2026-05-16T23:43:02.694Z,transformador/vibracao/fft_240hz,0.04,g,
2026-05-16T23:43:04.196Z,transformador/nucleo/temperatura,59.62,°C,
2026-05-16T23:43:04.196Z,transformador/nucleo/delta_t,5.78,°C,
2026-05-16T23:43:04.196Z,transformador/primario/corrente,2.88,A,
2026-05-16T23:43:04.196Z,transformador/secundario/corrente,27.29,A,
2026-05-16T23:43:04.196Z,transformador/vibracao/fft_120hz,0.12,g,
2026-05-16T23:43:04.196Z,transformador/vibracao/fft_240hz,0.06,g,
2026-05-16T23:43:05.697Z,transformador/nucleo/temperatura,63.5,°C,
2026-05-16T23:43:05.697Z,transformador/nucleo/delta_t,7.07,°C,
2026-05-16T23:43:05.697Z,transformador/primario/corrente,3.35,A,
2026-05-16T23:43:05.697Z,transformador/secundario/corrente,39.13,A,
2026-05-16T23:43:05.697Z,transformador/vibracao/fft_120hz,0.1,g,
2026-05-16T23:43:05.697Z,transformador/vibracao/fft_240hz,0.05,g,
2026-05-16T23:43:07.199Z,transformador/nucleo/temperatura,49.16,°C,
2026-05-16T23:43:07.199Z,transformador/nucleo/delta_t,10.55,°C,
2026-05-16T23:43:07.199Z,transformador/primario/corrente,3.41,A,
2026-05-16T23:43:07.199Z,transformador/secundario/corrente,27.63,A,
2026-05-16T23:43:07.199Z,transformador/vibracao/fft_120hz,0.63,g,
2026-05-16T23:43:07.199Z,transformador/vibracao/fft_240hz,0.07,g,
2026-05-16T23:43:08.700Z,transformador/nucleo/temperatura,61.38,°C,
2026-05-16T23:43:08.700Z,transformador/nucleo/delta_t,11.82,°C,
2026-05-16T23:43:08.700Z,transformador/primario/corrente,2.93,A,
2026-05-16T23:43:08.700Z,transformador/secundario/corrente,23.5,A,
2026-05-16T23:43:08.700Z,transformador/vibracao/fft_120hz,0.04,g,
2026-05-16T23:43:08.700Z,transformador/vibracao/fft_240hz,0,g,
2026-05-16T23:43:10.200Z,transformador/nucleo/temperatura,63.17,°C,
2026-05-16T23:43:10.200Z,transformador/nucleo/delta_t,4.49,°C,
2026-05-16T23:43:10.200Z,transformador/primario/corrente,2.14,A,
2026-05-16T23:43:10.200Z,transformador/secundario/corrente,20.02,A,
2026-05-16T23:43:10.200Z,transformador/vibracao/fft_120hz,0.09,g,
2026-05-16T23:43:10.200Z,transformador/vibracao/fft_240hz,0.01,g,
2026-05-16T23:43:11.702Z,transformador/nucleo/temperatura,55.03,°C,
2026-05-16T23:43:11.702Z,transformador/nucleo/delta_t,6.45,°C,
2026-05-16T23:43:11.702Z,transformador/primario/corrente,3.48,A,
2026-05-16T23:43:11.702Z,transformador/secundario/corrente,23.91,A,
2026-05-16T23:43:11.702Z,transformador/vibracao/fft_120hz,0.08,g,
2026-05-16T23:43:11.702Z,transformador/vibracao/fft_240hz,0.06,g,
2026-05-16T23:43:13.205Z,transformador/nucleo/temperatura,45.38,°C,
2026-05-16T23:43:13.205Z,transformador/nucleo/delta_t,10.48,°C,
2026-05-16T23:43:13.205Z,transformador/primario/corrente,2.39,A,
2026-05-16T23:43:13.205Z,transformador/secundario/corrente,18.55,A,
2026-05-16T23:43:13.205Z,transformador/vibracao/fft_120hz,0.05,g,
2026-05-16T23:43:13.205Z,transformador/vibracao/fft_240hz,0.08,g,
2026-05-16T23:43:14.706Z,transformador/nucleo/temperatura,58.06,°C,
2026-05-16T23:43:14.706Z,transformador/nucleo/delta_t,4.12,°C,
2026-05-16T23:43:14.706Z,transformador/primario/corrente,3.28,A,
2026-05-16T23:43:14.706Z,transformador/secundario/corrente,26.37,A,
2026-05-16T23:43:14.706Z,transformador/vibracao/fft_120hz,0.04,g,
2026-05-16T23:43:14.706Z,transformador/vibracao/fft_240hz,0.02,g,
2026-05-16T23:43:16.207Z,transformador/nucleo/temperatura,61.74,°C,
2026-05-16T23:43:16.207Z,transformador/nucleo/delta_t,10.59,°C,
2026-05-16T23:43:16.207Z,transformador/primario/corrente,3,A,
2026-05-16T23:43:16.207Z,transformador/secundario/corrente,27.47,A,
2026-05-16T23:43:16.207Z,transformador/vibracao/fft_120hz,0.47,g,
2026-05-16T23:43:16.207Z,transformador/vibracao/fft_240hz,0.02,g,
2026-05-16T23:43:17.708Z,transformador/nucleo/temperatura,50.48,°C,
2026-05-16T23:43:17.708Z,transformador/nucleo/delta_t,4.62,°C,
2026-05-16T23:43:17.708Z,transformador/primario/corrente,3.32,A,
2026-05-16T23:43:17.708Z,transformador/secundario/corrente,20.51,A,
2026-05-16T23:43:17.708Z,transformador/vibracao/fft_120hz,0.09,g,
2026-05-16T23:43:17.708Z,transformador/vibracao/fft_240hz,0,g,
2026-05-16T23:43:19.208Z,transformador/nucleo/temperatura,55.59,°C,
2026-05-16T23:43:19.208Z,transformador/nucleo/delta_t,8.6,°C,
2026-05-16T23:43:19.208Z,transformador/primario/corrente,3.58,A,
2026-05-16T23:43:19.208Z,transformador/secundario/corrente,27.38,A,
2026-05-16T23:43:19.208Z,transformador/vibracao/fft_120hz,0.05,g,
2026-05-16T23:43:19.208Z,transformador/vibracao/fft_240hz,0.03,g,
2026-05-16T23:43:20.709Z,transformador/nucleo/temperatura,49.38,°C,
2026-05-16T23:43:20.709Z,transformador/nucleo/delta_t,7.33,°C,
2026-05-16T23:43:20.709Z,transformador/primario/corrente,2.89,A,
2026-05-16T23:43:20.709Z,transformador/secundario/corrente,19.58,A,
2026-05-16T23:43:20.709Z,transformador/vibracao/fft_120hz,0.13,g,
2026-05-16T23:43:20.709Z,transformador/vibracao/fft_240hz,0.04,g,
2026-05-16T23:43:22.211Z,transformador/nucleo/temperatura,57.68,°C,
2026-05-16T23:43:22.211Z,transformador/nucleo/delta_t,9.24,°C,
2026-05-16T23:43:22.211Z,transformador/primario/corrente,3.5,A,
2026-05-16T23:43:22.211Z,transformador/secundario/corrente,23.95,A,
2026-05-16T23:43:22.211Z,transformador/vibracao/fft_120hz,0.07,g,
2026-05-16T23:43:22.211Z,transformador/vibracao/fft_240hz,0.05,g,
2026-05-16T23:43:23.712Z,transformador/nucleo/temperatura,77.84,°C,
2026-05-16T23:43:23.712Z,transformador/nucleo/delta_t,8.53,°C,
2026-05-16T23:43:23.712Z,transformador/primario/corrente,2.89,A,
2026-05-16T23:43:23.712Z,transformador/secundario/corrente,19.76,A,
2026-05-16T23:43:23.712Z,transformador/vibracao/fft_120hz,0.13,g,
2026-05-16T23:43:23.712Z,transformador/vibracao/fft_240hz,0.03,g,
2026-05-16T23:43:25.213Z,transformador/nucleo/temperatura,62.64,°C,
2026-05-16T23:43:25.213Z,transformador/nucleo/delta_t,11.23,°C,
2026-05-16T23:43:25.213Z,transformador/primario/corrente,6.05,A,
2026-05-16T23:43:25.213Z,transformador/secundario/corrente,18.01,A,
2026-05-16T23:43:25.213Z,transformador/vibracao/fft_120hz,0.06,g,
2026-05-16T23:43:25.213Z,transformador/vibracao/fft_240hz,0.07,g,
2026-05-16T23:43:26.714Z,transformador/nucleo/temperatura,56.18,°C,
2026-05-16T23:43:26.714Z,transformador/nucleo/delta_t,8.15,°C,
2026-05-16T23:43:26.714Z,transformador/primario/corrente,2.28,A,
2026-05-16T23:43:26.714Z,transformador/secundario/corrente,17.96,A,
2026-05-16T23:43:26.714Z,transformador/vibracao/fft_120hz,0.03,g,
2026-05-16T23:43:26.714Z,transformador/vibracao/fft_240hz,0.01,g,
2026-05-16T23:43:28.216Z,transformador/nucleo/temperatura,47,°C,
2026-05-16T23:43:28.216Z,transformador/nucleo/delta_t,9.77,°C,
2026-05-16T23:43:28.216Z,transformador/primario/corrente,2.24,A,
2026-05-16T23:43:28.216Z,transformador/secundario/corrente,24.99,A,
2026-05-16T23:43:28.216Z,transformador/vibracao/fft_120hz,0.12,g,
2026-05-16T23:43:28.216Z,transformador/vibracao/fft_240hz,0.05,g,
2026-05-16T23:43:29.718Z,transformador/nucleo/temperatura,60.3,°C,
2026-05-16T23:43:29.718Z,transformador/nucleo/delta_t,7.17,°C,
2026-05-16T23:43:29.718Z,transformador/primario/corrente,2.33,A,
2026-05-16T23:43:29.718Z,transformador/secundario/corrente,20.28,A,
2026-05-16T23:43:29.718Z,transformador/vibracao/fft_120hz,0.11,g,
2026-05-16T23:43:29.718Z,transformador/vibracao/fft_240hz,0.03,g,
2026-05-16T23:43:31.220Z,transformador/nucleo/temperatura,50.59,°C,
2026-05-16T23:43:31.220Z,transformador/nucleo/delta_t,7.74,°C,
2026-05-16T23:43:31.220Z,transformador/primario/corrente,3.24,A,
2026-05-16T23:43:31.220Z,transformador/secundario/corrente,17.69,A,
2026-05-16T23:43:31.220Z,transformador/vibracao/fft_120hz,0.09,g,
2026-05-16T23:43:31.220Z,transformador/vibracao/fft_240hz,0,g,
2026-05-16T23:43:32.722Z,transformador/nucleo/temperatura,51.06,°C,
2026-05-16T23:43:32.722Z,transformador/nucleo/delta_t,4.62,°C,
2026-05-16T23:43:32.722Z,transformador/primario/corrente,2.38,A,
2026-05-16T23:43:32.722Z,transformador/secundario/corrente,21.11,A,
2026-05-16T23:43:32.722Z,transformador/vibracao/fft_120hz,0.11,g,
2026-05-16T23:43:32.722Z,transformador/vibracao/fft_240hz,0,g,
2026-05-16T23:43:34.223Z,transformador/nucleo/temperatura,55.32,°C,
2026-05-16T23:43:34.223Z,transformador/nucleo/delta_t,7.81,°C,
2026-05-16T23:43:34.223Z,transformador/primario/corrente,2.26,A,
2026-05-16T23:43:34.223Z,transformador/secundario/corrente,18.07,A,
2026-05-16T23:43:34.223Z,transformador/vibracao/fft_120hz,0.05,g,
2026-05-16T23:43:34.223Z,transformador/vibracao/fft_240hz,0.06,g,
2026-05-16T23:43:35.723Z,transformador/nucleo/temperatura,56.19,°C,
2026-05-16T23:43:35.723Z,transformador/nucleo/delta_t,10.49,°C,
2026-05-16T23:43:35.723Z,transformador/primario/corrente,2.69,A,
2026-05-16T23:43:35.723Z,transformador/secundario/corrente,17.08,A,
2026-05-16T23:43:35.723Z,transformador/vibracao/fft_120hz,0.03,g,
2026-05-16T23:43:35.723Z,transformador/vibracao/fft_240hz,0.07,g,
2026-05-16T23:43:37.225Z,transformador/nucleo/temperatura,70.03,°C,
2026-05-16T23:43:37.225Z,transformador/nucleo/delta_t,4.83,°C,
2026-05-16T23:43:37.225Z,transformador/primario/corrente,2.41,A,
2026-05-16T23:43:37.225Z,transformador/secundario/corrente,22.68,A,
2026-05-16T23:43:37.225Z,transformador/vibracao/fft_120hz,0.03,g,
2026-05-16T23:43:37.225Z,transformador/vibracao/fft_240hz,0.14,g,
2026-05-16T23:43:38.726Z,transformador/nucleo/temperatura,58.38,°C,
2026-05-16T23:43:38.726Z,transformador/nucleo/delta_t,8.52,°C,
2026-05-16T23:43:38.726Z,transformador/primario/corrente,2.14,A,
2026-05-16T23:43:38.726Z,transformador/secundario/corrente,23.48,A,
2026-05-16T23:43:38.726Z,transformador/vibracao/fft_120hz,0.1,g,
2026-05-16T23:43:38.726Z,transformador/vibracao/fft_240hz,0.02,g,
2026-05-16T23:43:40.227Z,transformador/nucleo/temperatura,63.07,°C,
2026-05-16T23:43:40.227Z,transformador/nucleo/delta_t,5.06,°C,
2026-05-16T23:43:40.227Z,transformador/primario/corrente,2.08,A,
2026-05-16T23:43:40.227Z,transformador/secundario/corrente,24.48,A,
2026-05-16T23:43:40.227Z,transformador/vibracao/fft_120hz,0.07,g,
2026-05-16T23:43:40.227Z,transformador/vibracao/fft_240hz,0.06,g,
2026-05-16T23:43:41.727Z,transformador/nucleo/temperatura,46,°C,
2026-05-16T23:43:41.727Z,transformador/nucleo/delta_t,4.37,°C,
2026-05-16T23:43:41.727Z,transformador/primario/corrente,3.05,A,
2026-05-16T23:43:41.727Z,transformador/secundario/corrente,46.37,A,
2026-05-16T23:43:41.727Z,transformador/vibracao/fft_120hz,0.06,g,
2026-05-16T23:43:41.727Z,transformador/vibracao/fft_240hz,0.06,g,
2026-05-16T23:43:43.229Z,transformador/nucleo/temperatura,60.02,°C,
2026-05-16T23:43:43.229Z,transformador/nucleo/delta_t,10.89,°C,
2026-05-16T23:43:43.229Z,transformador/primario/corrente,2.05,A,
2026-05-16T23:43:43.229Z,transformador/secundario/corrente,24.92,A,
2026-05-16T23:43:43.229Z,transformador/vibracao/fft_120hz,0.1,g,
2026-05-16T23:43:43.229Z,transformador/vibracao/fft_240hz,0.07,g,
2026-05-16T23:43:44.730Z,transformador/nucleo/temperatura,54.5,°C,
2026-05-16T23:43:44.730Z,transformador/nucleo/delta_t,10.47,°C,
2026-05-16T23:43:44.730Z,transformador/primario/corrente,2.19,A,
2026-05-16T23:43:44.730Z,transformador/secundario/corrente,16.15,A,
2026-05-16T23:43:44.730Z,transformador/vibracao/fft_120hz,0.12,g,
2026-05-16T23:43:44.730Z,transformador/vibracao/fft_240hz,0.04,g,
2026-05-16T23:43:46.231Z,transformador/nucleo/temperatura,49.64,°C,
2026-05-16T23:43:46.231Z,transformador/nucleo/delta_t,5.61,°C,
2026-05-16T23:43:46.231Z,transformador/primario/corrente,3.16,A,
2026-05-16T23:43:46.231Z,transformador/secundario/corrente,18.93,A,
2026-05-16T23:43:46.231Z,transformador/vibracao/fft_120hz,0.08,g,
2026-05-16T23:43:46.231Z,transformador/vibracao/fft_240hz,0.07,g,
2026-05-16T23:43:47.732Z,transformador/nucleo/temperatura,52.44,°C,
2026-05-16T23:43:47.732Z,transformador/nucleo/delta_t,8.56,°C,
2026-05-16T23:43:47.732Z,transformador/primario/corrente,3.5,A,
2026-05-16T23:43:47.732Z,transformador/secundario/corrente,22.08,A,
2026-05-16T23:43:47.732Z,transformador/vibracao/fft_120hz,0.11,g,
2026-05-16T23:43:47.732Z,transformador/vibracao/fft_240hz,0.05,g,
2026-05-16T23:43:49.232Z,transformador/nucleo/temperatura,73.56,°C,
2026-05-16T23:43:49.232Z,transformador/nucleo/delta_t,5.97,°C,
2026-05-16T23:43:49.232Z,transformador/primario/corrente,2.62,A,
2026-05-16T23:43:49.232Z,transformador/secundario/corrente,21.39,A,
2026-05-16T23:43:49.232Z,transformador/vibracao/fft_120hz,0.06,g,
2026-05-16T23:43:49.232Z,transformador/vibracao/fft_240hz,0,g,
2026-05-16T23:43:50.734Z,transformador/nucleo/temperatura,56.53,°C,
2026-05-16T23:43:50.734Z,transformador/nucleo/delta_t,11.35,°C,
2026-05-16T23:43:50.734Z,transformador/primario/corrente,2.2,A,
2026-05-16T23:43:50.734Z,transformador/secundario/corrente,17.47,A,
2026-05-16T23:43:50.734Z,transformador/vibracao/fft_120hz,0.13,g,
2026-05-16T23:43:50.734Z,transformador/vibracao/fft_240hz,0.04,g,
2026-05-16T23:43:52.236Z,transformador/nucleo/temperatura,64.95,°C,
2026-05-16T23:43:52.236Z,transformador/nucleo/delta_t,4.17,°C,
2026-05-16T23:43:52.236Z,transformador/primario/corrente,3.1,A,
2026-05-16T23:43:52.236Z,transformador/secundario/corrente,23.85,A,
2026-05-16T23:43:52.236Z,transformador/vibracao/fft_120hz,0.04,g,
2026-05-16T23:43:52.236Z,transformador/vibracao/fft_240hz,0.06,g,
2026-05-16T23:43:53.738Z,transformador/nucleo/temperatura,49.21,°C,
2026-05-16T23:43:53.738Z,transformador/nucleo/delta_t,8.7,°C,
2026-05-16T23:43:53.738Z,transformador/primario/corrente,2.55,A,
2026-05-16T23:43:53.738Z,transformador/secundario/corrente,26.38,A,
2026-05-16T23:43:53.738Z,transformador/vibracao/fft_120hz,0.07,g,
2026-05-16T23:43:53.738Z,transformador/vibracao/fft_240hz,0.06,g,
2026-05-16T23:43:55.239Z,transformador/nucleo/temperatura,62.39,°C,
2026-05-16T23:43:55.239Z,transformador/nucleo/delta_t,10.29,°C,
2026-05-16T23:43:55.239Z,transformador/primario/corrente,2.87,A,
2026-05-16T23:43:55.239Z,transformador/secundario/corrente,22.86,A,
2026-05-16T23:43:55.239Z,transformador/vibracao/fft_120hz,0.03,g,
2026-05-16T23:43:55.239Z,transformador/vibracao/fft_240hz,0.04,g,
2026-05-16T23:43:56.741Z,transformador/nucleo/temperatura,58.62,°C,
2026-05-16T23:43:56.741Z,transformador/nucleo/delta_t,5.87,°C,
2026-05-16T23:43:56.741Z,transformador/primario/corrente,3.21,A,
2026-05-16T23:43:56.741Z,transformador/secundario/corrente,26.35,A,
2026-05-16T23:43:56.741Z,transformador/vibracao/fft_120hz,0.07,g,
2026-05-16T23:43:56.741Z,transformador/vibracao/fft_240hz,0,g,
2026-05-16T23:43:58.242Z,transformador/nucleo/temperatura,49.69,°C,
2026-05-16T23:43:58.242Z,transformador/nucleo/delta_t,5.16,°C,
2026-05-16T23:43:58.242Z,transformador/primario/corrente,3.14,A,
2026-05-16T23:43:58.242Z,transformador/secundario/corrente,25.21,A,
2026-05-16T23:43:58.242Z,transformador/vibracao/fft_120hz,0.03,g,
2026-05-16T23:43:58.242Z,transformador/vibracao/fft_240hz,0.02,g,
2026-05-16T23:43:59.743Z,transformador/nucleo/temperatura,58.39,°C,
2026-05-16T23:43:59.743Z,transformador/nucleo/delta_t,5.73,°C,
2026-05-16T23:43:59.743Z,transformador/primario/corrente,2.21,A,
2026-05-16T23:43:59.743Z,transformador/secundario/corrente,27.03,A,
2026-05-16T23:43:59.743Z,transformador/vibracao/fft_120hz,0.1,g,
2026-05-16T23:43:59.743Z,transformador/vibracao/fft_240hz,0.06,g,
2026-05-16T23:44:01.245Z,transformador/nucleo/temperatura,63.49,°C,
2026-05-16T23:44:01.245Z,transformador/nucleo/delta_t,10.15,°C,
2026-05-16T23:44:01.245Z,transformador/primario/corrente,3.04,A,
2026-05-16T23:44:01.245Z,transformador/secundario/corrente,27.54,A,
2026-05-16T23:44:01.245Z,transformador/vibracao/fft_120hz,0.37,g,
2026-05-16T23:44:01.245Z,transformador/vibracao/fft_240hz,0.01,g,
2026-05-16T23:44:02.747Z,transformador/nucleo/temperatura,64.75,°C,
2026-05-16T23:44:02.747Z,transformador/nucleo/delta_t,8.5,°C,
2026-05-16T23:44:02.747Z,transformador/primario/corrente,3,A,
2026-05-16T23:44:02.747Z,transformador/secundario/corrente,25.6,A,
2026-05-16T23:44:02.747Z,transformador/vibracao/fft_120hz,0.56,g,
2026-05-16T23:44:02.747Z,transformador/vibracao/fft_240hz,0.06,g,
2026-05-16T23:44:04.249Z,transformador/nucleo/temperatura,48.07,°C,
2026-05-16T23:44:04.249Z,transformador/nucleo/delta_t,7.07,°C,
2026-05-16T23:44:04.249Z,transformador/primario/corrente,2.46,A,
2026-05-16T23:44:04.249Z,transformador/secundario/corrente,22.45,A,
2026-05-16T23:44:04.249Z,transformador/vibracao/fft_120hz,0.02,g,
2026-05-16T23:44:04.249Z,transformador/vibracao/fft_240hz,0.08,g,
2026-05-16T23:44:05.750Z,transformador/nucleo/temperatura,64.59,°C,
2026-05-16T23:44:05.750Z,transformador/nucleo/delta_t,6.7,°C,
2026-05-16T23:44:05.750Z,transformador/primario/corrente,3.1,A,
2026-05-16T23:44:05.750Z,transformador/secundario/corrente,21.56,A,
2026-05-16T23:44:05.750Z,transformador/vibracao/fft_120hz,0.07,g,
2026-05-16T23:44:05.750Z,transformador/vibracao/fft_240hz,0.07,g,
2026-05-16T23:44:07.251Z,transformador/nucleo/temperatura,51.42,°C,
2026-05-16T23:44:07.251Z,transformador/nucleo/delta_t,11.13,°C,
2026-05-16T23:44:07.251Z,transformador/primario/corrente,2.39,A,
2026-05-16T23:44:07.251Z,transformador/secundario/corrente,21.77,A,
2026-05-16T23:44:07.251Z,transformador/vibracao/fft_120hz,0.1,g,
2026-05-16T23:44:07.251Z,transformador/vibracao/fft_240hz,0.03,g,
2026-05-16T23:44:08.751Z,transformador/nucleo/temperatura,49.84,°C,
2026-05-16T23:44:08.751Z,transformador/nucleo/delta_t,6.73,°C,
2026-05-16T23:44:08.751Z,transformador/primario/corrente,3.46,A,
2026-05-16T23:44:08.751Z,transformador/secundario/corrente,22.07,A,
2026-05-16T23:44:08.751Z,transformador/vibracao/fft_120hz,0.07,g,
2026-05-16T23:44:08.751Z,transformador/vibracao/fft_240hz,0.06,g,
2026-05-16T23:44:10.252Z,transformador/nucleo/temperatura,50.74,°C,
2026-05-16T23:44:10.252Z,transformador/nucleo/delta_t,6.82,°C,
2026-05-16T23:44:10.252Z,transformador/primario/corrente,2.08,A,
2026-05-16T23:44:10.252Z,transformador/secundario/corrente,16.37,A,
2026-05-16T23:44:10.252Z,transformador/vibracao/fft_120hz,0.03,g,
2026-05-16T23:44:10.252Z,transformador/vibracao/fft_240hz,0.05,g,
2026-05-16T23:44:11.754Z,transformador/nucleo/temperatura,57.98,°C,
2026-05-16T23:44:11.754Z,transformador/nucleo/delta_t,9.72,°C,
2026-05-16T23:44:11.754Z,transformador/primario/corrente,2.62,A,
2026-05-16T23:44:11.754Z,transformador/secundario/corrente,27.98,A,
2026-05-16T23:44:11.754Z,transformador/vibracao/fft_120hz,0.08,g,
2026-05-16T23:44:11.754Z,transformador/vibracao/fft_240hz,0.03,g,
2026-05-16T23:44:13.256Z,transformador/nucleo/temperatura,51.83,°C,
2026-05-16T23:44:13.256Z,transformador/nucleo/delta_t,4.85,°C,
2026-05-16T23:44:13.256Z,transformador/primario/corrente,3.24,A,
2026-05-16T23:44:13.256Z,transformador/secundario/corrente,19.9,A,
2026-05-16T23:44:13.256Z,transformador/vibracao/fft_120hz,0.13,g,
2026-05-16T23:44:13.256Z,transformador/vibracao/fft_240hz,0.02,g,
2026-05-16T23:44:14.756Z,transformador/nucleo/temperatura,53.51,°C,
2026-05-16T23:44:14.756Z,transformador/nucleo/delta_t,20.36,°C,
2026-05-16T23:44:14.756Z,transformador/primario/corrente,3.29,A,
2026-05-16T23:44:14.756Z,transformador/secundario/corrente,16.61,A,
2026-05-16T23:44:14.756Z,transformador/vibracao/fft_120hz,0.03,g,
2026-05-16T23:44:14.756Z,transformador/vibracao/fft_240hz,0.02,g,
2026-05-16T23:44:16.258Z,transformador/nucleo/temperatura,60.37,°C,
2026-05-16T23:44:16.258Z,transformador/nucleo/delta_t,5.9,°C,
2026-05-16T23:44:16.258Z,transformador/primario/corrente,3.49,A,
2026-05-16T23:44:16.258Z,transformador/secundario/corrente,20.53,A,
2026-05-16T23:44:16.258Z,transformador/vibracao/fft_120hz,0.06,g,
2026-05-16T23:44:16.258Z,transformador/vibracao/fft_240hz,0.08,g,
2026-05-16T23:44:17.760Z,transformador/nucleo/temperatura,54.29,°C,
2026-05-16T23:44:17.760Z,transformador/nucleo/delta_t,9.72,°C,
2026-05-16T23:44:17.760Z,transformador/primario/corrente,2.56,A,
2026-05-16T23:44:17.760Z,transformador/secundario/corrente,27.16,A,
2026-05-16T23:44:17.760Z,transformador/vibracao/fft_120hz,0.14,g,
2026-05-16T23:44:17.760Z,transformador/vibracao/fft_240hz,0.03,g,
2026-05-16T23:44:19.261Z,transformador/nucleo/temperatura,47.16,°C,
2026-05-16T23:44:19.261Z,transformador/nucleo/delta_t,5.63,°C,
2026-05-16T23:44:19.261Z,transformador/primario/corrente,2.9,A,
2026-05-16T23:44:19.261Z,transformador/secundario/corrente,22.09,A,
2026-05-16T23:44:19.261Z,transformador/vibracao/fft_120hz,0.05,g,
2026-05-16T23:44:19.261Z,transformador/vibracao/fft_240hz,0.08,g,
2026-05-16T23:44:20.763Z,transformador/nucleo/temperatura,51.82,°C,
2026-05-16T23:44:20.763Z,transformador/nucleo/delta_t,8.66,°C,
2026-05-16T23:44:20.763Z,transformador/primario/corrente,3.34,A,
2026-05-16T23:44:20.763Z,transformador/secundario/corrente,21.18,A,
2026-05-16T23:44:20.763Z,transformador/vibracao/fft_120hz,0.11,g,
2026-05-16T23:44:20.763Z,transformador/vibracao/fft_240hz,0.07,g,
2026-05-16T23:44:22.265Z,transformador/nucleo/temperatura,46.79,°C,
2026-05-16T23:44:22.265Z,transformador/nucleo/delta_t,11.1,°C,
2026-05-16T23:44:22.265Z,transformador/primario/corrente,2.38,A,
2026-05-16T23:44:22.265Z,transformador/secundario/corrente,20.5,A,
2026-05-16T23:44:22.265Z,transformador/vibracao/fft_120hz,0.12,g,
2026-05-16T23:44:22.265Z,transformador/vibracao/fft_240hz,0.05,g,
2026-05-16T23:44:23.765Z,transformador/nucleo/temperatura,57.08,°C,
2026-05-16T23:44:23.765Z,transformador/nucleo/delta_t,4.52,°C,
2026-05-16T23:44:23.765Z,transformador/primario/corrente,2.71,A,
2026-05-16T23:44:23.765Z,transformador/secundario/corrente,20.04,A,
2026-05-16T23:44:23.765Z,transformador/vibracao/fft_120hz,0.1,g,
2026-05-16T23:44:23.765Z,transformador/vibracao/fft_240hz,0.06,g,
2026-05-16T23:44:25.266Z,transformador/nucleo/temperatura,45.18,°C,
2026-05-16T23:44:25.266Z,transformador/nucleo/delta_t,5.29,°C,
2026-05-16T23:44:25.266Z,transformador/primario/corrente,2.48,A,
2026-05-16T23:44:25.266Z,transformador/secundario/corrente,18.59,A,
2026-05-16T23:44:25.266Z,transformador/vibracao/fft_120hz,0.02,g,
2026-05-16T23:44:25.266Z,transformador/vibracao/fft_240hz,0.07,g,
2026-05-16T23:44:26.768Z,transformador/nucleo/temperatura,45.3,°C,
2026-05-16T23:44:26.768Z,transformador/nucleo/delta_t,10.97,°C,
2026-05-16T23:44:26.768Z,transformador/primario/corrente,2.79,A,
2026-05-16T23:44:26.768Z,transformador/secundario/corrente,27.77,A,
2026-05-16T23:44:26.768Z,transformador/vibracao/fft_120hz,0.02,g,
2026-05-16T23:44:26.768Z,transformador/vibracao/fft_240hz,0.03,g,
2026-05-16T23:44:28.268Z,transformador/nucleo/temperatura,50.84,°C,
2026-05-16T23:44:28.268Z,transformador/nucleo/delta_t,6.05,°C,
2026-05-16T23:44:28.268Z,transformador/primario/corrente,2.06,A,
2026-05-16T23:44:28.268Z,transformador/secundario/corrente,19.88,A,
2026-05-16T23:44:28.268Z,transformador/vibracao/fft_120hz,0.1,g,
2026-05-16T23:44:28.268Z,transformador/vibracao/fft_240hz,0.07,g,
2026-05-16T23:44:29.770Z,transformador/nucleo/temperatura,56.1,°C,
2026-05-16T23:44:29.770Z,transformador/nucleo/delta_t,5.26,°C,
2026-05-16T23:44:29.770Z,transformador/primario/corrente,2.19,A,
2026-05-16T23:44:29.770Z,transformador/secundario/corrente,23.97,A,
2026-05-16T23:44:29.770Z,transformador/vibracao/fft_120hz,0.04,g,
2026-05-16T23:44:29.770Z,transformador/vibracao/fft_240hz,0.07,g,
2026-05-16T23:44:31.271Z,transformador/nucleo/temperatura,48.54,°C,
2026-05-16T23:44:31.271Z,transformador/nucleo/delta_t,4.48,°C,
2026-05-16T23:44:31.271Z,transformador/primario/corrente,2.83,A,
2026-05-16T23:44:31.271Z,transformador/secundario/corrente,17.54,A,
2026-05-16T23:44:31.271Z,transformador/vibracao/fft_120hz,0.06,g,
2026-05-16T23:44:31.271Z,transformador/vibracao/fft_240hz,0.07,g,
2026-05-16T23:44:32.773Z,transformador/nucleo/temperatura,52.97,°C,
2026-05-16T23:44:32.773Z,transformador/nucleo/delta_t,9.35,°C,
2026-05-16T23:44:32.773Z,transformador/primario/corrente,6.94,A,
2026-05-16T23:44:32.773Z,transformador/secundario/corrente,25.29,A,
2026-05-16T23:44:32.773Z,transformador/vibracao/fft_120hz,0.04,g,
2026-05-16T23:44:32.773Z,transformador/vibracao/fft_240hz,0,g,
2026-05-16T23:44:34.275Z,transformador/nucleo/temperatura,57.77,°C,
2026-05-16T23:44:34.275Z,transformador/nucleo/delta_t,9.67,°C,
2026-05-16T23:44:34.275Z,transformador/primario/corrente,3.01,A,
2026-05-16T23:44:34.275Z,transformador/secundario/corrente,25.95,A,
2026-05-16T23:44:34.275Z,transformador/vibracao/fft_120hz,0.14,g,
2026-05-16T23:44:34.275Z,transformador/vibracao/fft_240hz,0.07,g,
2026-05-16T23:44:35.776Z,transformador/nucleo/temperatura,59.06,°C,
2026-05-16T23:44:35.776Z,transformador/nucleo/delta_t,11.14,°C,
2026-05-16T23:44:35.776Z,transformador/primario/corrente,5.62,A,
2026-05-16T23:44:35.776Z,transformador/secundario/corrente,20.97,A,
2026-05-16T23:44:35.776Z,transformador/vibracao/fft_120hz,0.09,g,
2026-05-16T23:44:35.776Z,transformador/vibracao/fft_240hz,0.07,g,
2026-05-16T23:44:37.277Z,transformador/nucleo/temperatura,45.43,°C,
2026-05-16T23:44:37.277Z,transformador/nucleo/delta_t,11.56,°C,
2026-05-16T23:44:37.277Z,transformador/primario/corrente,3.27,A,
2026-05-16T23:44:37.277Z,transformador/secundario/corrente,21.23,A,
2026-05-16T23:44:37.277Z,transformador/vibracao/fft_120hz,0.1,g,
2026-05-16T23:44:37.277Z,transformador/vibracao/fft_240hz,0.03,g,
2026-05-16T23:44:38.779Z,transformador/nucleo/temperatura,45.89,°C,
2026-05-16T23:44:38.779Z,transformador/nucleo/delta_t,10.25,°C,
2026-05-16T23:44:38.779Z,transformador/primario/corrente,3.57,A,
2026-05-16T23:44:38.779Z,transformador/secundario/corrente,18.5,A,
2026-05-16T23:44:38.779Z,transformador/vibracao/fft_120hz,0.13,g,
2026-05-16T23:44:38.779Z,transformador/vibracao/fft_240hz,0.05,g,
2026-05-16T23:44:40.281Z,transformador/nucleo/temperatura,64.52,°C,
2026-05-16T23:44:40.281Z,transformador/nucleo/delta_t,10.42,°C,
2026-05-16T23:44:40.281Z,transformador/primario/corrente,2.6,A,
2026-05-16T23:44:40.281Z,transformador/secundario/corrente,27.71,A,
2026-05-16T23:44:40.281Z,transformador/vibracao/fft_120hz,0.14,g,
2026-05-16T23:44:40.281Z,transformador/vibracao/fft_240hz,0,g,
2026-05-16T23:44:41.783Z,transformador/nucleo/temperatura,48.77,°C,
2026-05-16T23:44:41.783Z,transformador/nucleo/delta_t,11.04,°C,
2026-05-16T23:44:41.783Z,transformador/primario/corrente,3.48,A,
2026-05-16T23:44:41.783Z,transformador/secundario/corrente,37.38,A,
2026-05-16T23:44:41.783Z,transformador/vibracao/fft_120hz,0.12,g,
2026-05-16T23:44:41.783Z,transformador/vibracao/fft_240hz,0.03,g,
2026-05-16T23:44:43.284Z,transformador/nucleo/temperatura,63.95,°C,
2026-05-16T23:44:43.284Z,transformador/nucleo/delta_t,11.45,°C,
2026-05-16T23:44:43.284Z,transformador/primario/corrente,2.14,A,
2026-05-16T23:44:43.284Z,transformador/secundario/corrente,26.4,A,
2026-05-16T23:44:43.284Z,transformador/vibracao/fft_120hz,0.03,g,
2026-05-16T23:44:43.284Z,transformador/vibracao/fft_240hz,0.04,g,
2026-05-16T23:44:44.785Z,transformador/nucleo/temperatura,56.93,°C,
2026-05-16T23:44:44.785Z,transformador/nucleo/delta_t,5.41,°C,
2026-05-16T23:44:44.785Z,transformador/primario/corrente,2.18,A,
2026-05-16T23:44:44.785Z,transformador/secundario/corrente,20.99,A,
2026-05-16T23:44:44.785Z,transformador/vibracao/fft_120hz,0.56,g,
2026-05-16T23:44:44.785Z,transformador/vibracao/fft_240hz,0.04,g,
2026-05-16T23:44:46.287Z,transformador/nucleo/temperatura,53.89,°C,
2026-05-16T23:44:46.287Z,transformador/nucleo/delta_t,5.36,°C,
2026-05-16T23:44:46.287Z,transformador/primario/corrente,2.05,A,
2026-05-16T23:44:46.287Z,transformador/secundario/corrente,22.4,A,
2026-05-16T23:44:46.287Z,transformador/vibracao/fft_120hz,0.1,g,
2026-05-16T23:44:46.287Z,transformador/vibracao/fft_240hz,0.08,g,
2026-05-16T23:44:47.788Z,transformador/nucleo/temperatura,60.79,°C,
2026-05-16T23:44:47.788Z,transformador/nucleo/delta_t,11.76,°C,
2026-05-16T23:44:47.788Z,transformador/primario/corrente,2.78,A,
2026-05-16T23:44:47.788Z,transformador/secundario/corrente,23.39,A,
2026-05-16T23:44:47.788Z,transformador/vibracao/fft_120hz,0.13,g,
2026-05-16T23:44:47.788Z,transformador/vibracao/fft_240hz,0.04,g,
2026-05-16T23:44:49.290Z,transformador/nucleo/temperatura,46.86,°C,
2026-05-16T23:44:49.290Z,transformador/nucleo/delta_t,6.87,°C,
2026-05-16T23:44:49.290Z,transformador/primario/corrente,3.44,A,
2026-05-16T23:44:49.290Z,transformador/secundario/corrente,16.36,A,
2026-05-16T23:44:49.290Z,transformador/vibracao/fft_120hz,0.14,g,
2026-05-16T23:44:49.290Z,transformador/vibracao/fft_240hz,0.07,g,
2026-05-16T23:44:50.792Z,transformador/nucleo/temperatura,45.61,°C,
2026-05-16T23:44:50.792Z,transformador/nucleo/delta_t,5.44,°C,
2026-05-16T23:44:50.792Z,transformador/primario/corrente,2.38,A,
2026-05-16T23:44:50.792Z,transformador/secundario/corrente,27.71,A,
2026-05-16T23:44:50.792Z,transformador/vibracao/fft_120hz,0.08,g,
2026-05-16T23:44:50.792Z,transformador/vibracao/fft_240hz,0.04,g,
2026-05-16T23:44:52.294Z,transformador/nucleo/temperatura,52.14,°C,
2026-05-16T23:44:52.294Z,transformador/nucleo/delta_t,4.31,°C,
2026-05-16T23:44:52.294Z,transformador/primario/corrente,2.13,A,
2026-05-16T23:44:52.294Z,transformador/secundario/corrente,24.88,A,
2026-05-16T23:44:52.294Z,transformador/vibracao/fft_120hz,0.04,g,
2026-05-16T23:44:52.294Z,transformador/vibracao/fft_240hz,0.01,g,
2026-05-16T23:44:53.796Z,transformador/nucleo/temperatura,54.66,°C,
2026-05-16T23:44:53.796Z,transformador/nucleo/delta_t,11.9,°C,
2026-05-16T23:44:53.796Z,transformador/primario/corrente,3.49,A,
2026-05-16T23:44:53.796Z,transformador/secundario/corrente,24.66,A,
2026-05-16T23:44:53.796Z,transformador/vibracao/fft_120hz,0.64,g,
2026-05-16T23:44:53.796Z,transformador/vibracao/fft_240hz,0.04,g,
2026-05-16T23:44:55.296Z,transformador/nucleo/temperatura,47.09,°C,
2026-05-16T23:44:55.296Z,transformador/nucleo/delta_t,9.4,°C,
2026-05-16T23:44:55.296Z,transformador/primario/corrente,2.23,A,
2026-05-16T23:44:55.296Z,transformador/secundario/corrente,18.59,A,
2026-05-16T23:44:55.296Z,transformador/vibracao/fft_120hz,0.05,g,
2026-05-16T23:44:55.296Z,transformador/vibracao/fft_240hz,0.07,g,
2026-05-16T23:44:56.798Z,transformador/nucleo/temperatura,46.84,°C,
2026-05-16T23:44:56.798Z,transformador/nucleo/delta_t,10.83,°C,
2026-05-16T23:44:56.798Z,transformador/primario/corrente,2.27,A,
2026-05-16T23:44:56.798Z,transformador/secundario/corrente,26.15,A,
2026-05-16T23:44:56.798Z,transformador/vibracao/fft_120hz,0.05,g,
2026-05-16T23:44:56.798Z,transformador/vibracao/fft_240hz,0.05,g,
2026-05-16T23:44:58.300Z,transformador/nucleo/temperatura,63.72,°C,
2026-05-16T23:44:58.300Z,transformador/nucleo/delta_t,8.71,°C,
2026-05-16T23:44:58.300Z,transformador/primario/corrente,2.94,A,
2026-05-16T23:44:58.300Z,transformador/secundario/corrente,17.06,A,
2026-05-16T23:44:58.300Z,transformador/vibracao/fft_120hz,0.06,g,
2026-05-16T23:44:58.300Z,transformador/vibracao/fft_240hz,0.19,g,
2026-05-16T23:44:59.801Z,transformador/nucleo/temperatura,64.29,°C,
2026-05-16T23:44:59.801Z,transformador/nucleo/delta_t,11,°C,
2026-05-16T23:44:59.801Z,transformador/primario/corrente,2.9,A,
2026-05-16T23:44:59.801Z,transformador/secundario/corrente,25.39,A,
2026-05-16T23:44:59.801Z,transformador/vibracao/fft_120hz,0.1,g,
2026-05-16T23:44:59.801Z,transformador/vibracao/fft_240hz,0.03,g,
2026-05-16T23:45:01.302Z,transformador/nucleo/temperatura,59.89,°C,
2026-05-16T23:45:01.302Z,transformador/nucleo/delta_t,5.5,°C,
2026-05-16T23:45:01.302Z,transformador/primario/corrente,2.06,A,
2026-05-16T23:45:01.302Z,transformador/secundario/corrente,16.85,A,
2026-05-16T23:45:01.302Z,transformador/vibracao/fft_120hz,0.03,g,
2026-05-16T23:45:01.302Z,transformador/vibracao/fft_240hz,0.01,g,
2026-05-16T23:45:02.804Z,transformador/nucleo/temperatura,46.02,°C,
2026-05-16T23:45:02.804Z,transformador/nucleo/delta_t,10.76,°C,
2026-05-16T23:45:02.804Z,transformador/primario/corrente,3.57,A,
2026-05-16T23:45:02.804Z,transformador/secundario/corrente,20.45,A,
2026-05-16T23:45:02.804Z,transformador/vibracao/fft_120hz,0.06,g,
2026-05-16T23:45:02.804Z,transformador/vibracao/fft_240hz,0.05,g,
2026-05-16T23:45:04.305Z,transformador/nucleo/temperatura,61.47,°C,
2026-05-16T23:45:04.305Z,transformador/nucleo/delta_t,7.16,°C,
2026-05-16T23:45:04.305Z,transformador/primario/corrente,2.32,A,
2026-05-16T23:45:04.305Z,transformador/secundario/corrente,23.87,A,
2026-05-16T23:45:04.305Z,transformador/vibracao/fft_120hz,0.08,g,
2026-05-16T23:45:04.305Z,transformador/vibracao/fft_240hz,0.02,g,
2026-05-16T23:45:05.806Z,transformador/nucleo/temperatura,49.07,°C,
2026-05-16T23:45:05.806Z,transformador/nucleo/delta_t,4.45,°C,
2026-05-16T23:45:05.806Z,transformador/primario/corrente,2.55,A,
2026-05-16T23:45:05.806Z,transformador/secundario/corrente,17.45,A,
2026-05-16T23:45:05.806Z,transformador/vibracao/fft_120hz,0.06,g,
2026-05-16T23:45:05.806Z,transformador/vibracao/fft_240hz,0.06,g,
2026-05-16T23:45:07.308Z,transformador/nucleo/temperatura,56.45,°C,
2026-05-16T23:45:07.308Z,transformador/nucleo/delta_t,5.26,°C,
2026-05-16T23:45:07.308Z,transformador/primario/corrente,3.26,A,
2026-05-16T23:45:07.308Z,transformador/secundario/corrente,27.67,A,
2026-05-16T23:45:07.308Z,transformador/vibracao/fft_120hz,0.6,g,
2026-05-16T23:45:07.308Z,transformador/vibracao/fft_240hz,0.03,g,
2026-05-16T23:45:08.808Z,transformador/nucleo/temperatura,45.13,°C,
2026-05-16T23:45:08.808Z,transformador/nucleo/delta_t,7.98,°C,
2026-05-16T23:45:08.808Z,transformador/primario/corrente,3.46,A,
2026-05-16T23:45:08.808Z,transformador/secundario/corrente,17.97,A,
2026-05-16T23:45:08.808Z,transformador/vibracao/fft_120hz,0.03,g,
2026-05-16T23:45:08.808Z,transformador/vibracao/fft_240hz,0.08,g,
2026-05-16T23:45:10.310Z,transformador/nucleo/temperatura,64.21,°C,
2026-05-16T23:45:10.310Z,transformador/nucleo/delta_t,10.31,°C,
2026-05-16T23:45:10.310Z,transformador/primario/corrente,3.2,A,
2026-05-16T23:45:10.310Z,transformador/secundario/corrente,16.04,A,
2026-05-16T23:45:10.310Z,transformador/vibracao/fft_120hz,0.07,g,
2026-05-16T23:45:10.310Z,transformador/vibracao/fft_240hz,0.07,g,
2026-05-16T23:45:11.810Z,transformador/nucleo/temperatura,62.5,°C,
2026-05-16T23:45:11.810Z,transformador/nucleo/delta_t,6.24,°C,
2026-05-16T23:45:11.810Z,transformador/primario/corrente,2.86,A,
2026-05-16T23:45:11.810Z,transformador/secundario/corrente,27.44,A,
2026-05-16T23:45:11.810Z,transformador/vibracao/fft_120hz,0.04,g,
2026-05-16T23:45:11.810Z,transformador/vibracao/fft_240hz,0.04,g,
2026-05-16T23:45:13.312Z,transformador/nucleo/temperatura,55.81,°C,
2026-05-16T23:45:13.312Z,transformador/nucleo/delta_t,6.77,°C,
2026-05-16T23:45:13.312Z,transformador/primario/corrente,2.04,A,
2026-05-16T23:45:13.312Z,transformador/secundario/corrente,18.33,A,
2026-05-16T23:45:13.312Z,transformador/vibracao/fft_120hz,0.14,g,
2026-05-16T23:45:13.312Z,transformador/vibracao/fft_240hz,0.04,g,
2026-05-16T23:45:14.814Z,transformador/nucleo/temperatura,61.85,°C,
2026-05-16T23:45:14.814Z,transformador/nucleo/delta_t,8.56,°C,
2026-05-16T23:45:14.814Z,transformador/primario/corrente,2.96,A,
2026-05-16T23:45:14.814Z,transformador/secundario/corrente,24.44,A,
2026-05-16T23:45:14.814Z,transformador/vibracao/fft_120hz,0.05,g,
2026-05-16T23:45:14.814Z,transformador/vibracao/fft_240hz,0.06,g,
2026-05-16T23:45:16.316Z,transformador/nucleo/temperatura,60.46,°C,
2026-05-16T23:45:16.316Z,transformador/nucleo/delta_t,9.86,°C,
2026-05-16T23:45:16.316Z,transformador/primario/corrente,3.45,A,
2026-05-16T23:45:16.316Z,transformador/secundario/corrente,27.61,A,
2026-05-16T23:45:16.316Z,transformador/vibracao/fft_120hz,0.05,g,
2026-05-16T23:45:16.316Z,transformador/vibracao/fft_240hz,0.08,g,
2026-05-16T23:45:17.816Z,transformador/nucleo/temperatura,56.48,°C,
2026-05-16T23:45:17.816Z,transformador/nucleo/delta_t,6.63,°C,
2026-05-16T23:45:17.816Z,transformador/primario/corrente,2.64,A,
2026-05-16T23:45:17.816Z,transformador/secundario/corrente,25.63,A,
2026-05-16T23:45:17.816Z,transformador/vibracao/fft_120hz,0.39,g,
2026-05-16T23:45:17.816Z,transformador/vibracao/fft_240hz,0.06,g,
2026-05-16T23:45:19.317Z,transformador/nucleo/temperatura,57.71,°C,
2026-05-16T23:45:19.317Z,transformador/nucleo/delta_t,21.13,°C,
2026-05-16T23:45:19.317Z,transformador/primario/corrente,3.19,A,
2026-05-16T23:45:19.317Z,transformador/secundario/corrente,22.48,A,
2026-05-16T23:45:19.317Z,transformador/vibracao/fft_120hz,0.08,g,
2026-05-16T23:45:19.317Z,transformador/vibracao/fft_240hz,0,g,
2026-05-16T23:45:20.818Z,transformador/nucleo/temperatura,50.09,°C,
2026-05-16T23:45:20.818Z,transformador/nucleo/delta_t,11.82,°C,
2026-05-16T23:45:20.818Z,transformador/primario/corrente,2.76,A,
2026-05-16T23:45:20.818Z,transformador/secundario/corrente,27.53,A,
2026-05-16T23:45:20.818Z,transformador/vibracao/fft_120hz,0.1,g,
2026-05-16T23:45:20.818Z,transformador/vibracao/fft_240hz,0.01,g,
2026-05-16T23:45:22.319Z,transformador/nucleo/temperatura,52.07,°C,
2026-05-16T23:45:22.319Z,transformador/nucleo/delta_t,11.03,°C,
2026-05-16T23:45:22.319Z,transformador/primario/corrente,3,A,
2026-05-16T23:45:22.319Z,transformador/secundario/corrente,18.17,A,
2026-05-16T23:45:22.319Z,transformador/vibracao/fft_120hz,0.11,g,
2026-05-16T23:45:22.319Z,transformador/vibracao/fft_240hz,0.06,g,
2026-05-16T23:45:23.820Z,transformador/nucleo/temperatura,49.92,°C,
2026-05-16T23:45:23.820Z,transformador/nucleo/delta_t,5.45,°C,
2026-05-16T23:45:23.820Z,transformador/primario/corrente,2.51,A,
2026-05-16T23:45:23.820Z,transformador/secundario/corrente,24.5,A,
2026-05-16T23:45:23.820Z,transformador/vibracao/fft_120hz,0.04,g,
2026-05-16T23:45:23.820Z,transformador/vibracao/fft_240hz,0.02,g,
2026-05-16T23:45:25.323Z,transformador/nucleo/temperatura,55.3,°C,
2026-05-16T23:45:25.323Z,transformador/nucleo/delta_t,4.39,°C,
2026-05-16T23:45:25.323Z,transformador/primario/corrente,2.07,A,
2026-05-16T23:45:25.323Z,transformador/secundario/corrente,48.18,A,
2026-05-16T23:45:25.323Z,transformador/vibracao/fft_120hz,0.02,g,
2026-05-16T23:45:25.323Z,transformador/vibracao/fft_240hz,0.03,g,
2026-05-16T23:45:26.824Z,transformador/nucleo/temperatura,64.2,°C,
2026-05-16T23:45:26.824Z,transformador/nucleo/delta_t,10.28,°C,
2026-05-16T23:45:26.824Z,transformador/primario/corrente,3.26,A,
2026-05-16T23:45:26.824Z,transformador/secundario/corrente,16.01,A,
2026-05-16T23:45:26.824Z,transformador/vibracao/fft_120hz,0.08,g,
2026-05-16T23:45:26.824Z,transformador/vibracao/fft_240hz,0.06,g,
2026-05-16T23:45:28.324Z,transformador/nucleo/temperatura,63.27,°C,
2026-05-16T23:45:28.324Z,transformador/nucleo/delta_t,4.09,°C,
2026-05-16T23:45:28.324Z,transformador/primario/corrente,3.1,A,
2026-05-16T23:45:28.324Z,transformador/secundario/corrente,22.93,A,
2026-05-16T23:45:28.324Z,transformador/vibracao/fft_120hz,0.1,g,
2026-05-16T23:45:28.324Z,transformador/vibracao/fft_240hz,0.02,g,
2026-05-16T23:45:29.825Z,transformador/nucleo/temperatura,62.15,°C,
2026-05-16T23:45:29.825Z,transformador/nucleo/delta_t,10.59,°C,
2026-05-16T23:45:29.825Z,transformador/primario/corrente,3.23,A,
2026-05-16T23:45:29.825Z,transformador/secundario/corrente,22.18,A,
2026-05-16T23:45:29.825Z,transformador/vibracao/fft_120hz,0.12,g,
2026-05-16T23:45:29.825Z,transformador/vibracao/fft_240hz,0.02,g,
2026-05-16T23:45:31.327Z,transformador/nucleo/temperatura,45.55,°C,
2026-05-16T23:45:31.327Z,transformador/nucleo/delta_t,11.81,°C,
2026-05-16T23:45:31.327Z,transformador/primario/corrente,2.55,A,
2026-05-16T23:45:31.327Z,transformador/secundario/corrente,27.82,A,
2026-05-16T23:45:31.327Z,transformador/vibracao/fft_120hz,0.11,g,
2026-05-16T23:45:31.327Z,transformador/vibracao/fft_240hz,0.05,g,
2026-05-16T23:45:32.828Z,transformador/nucleo/temperatura,62.57,°C,
2026-05-16T23:45:32.828Z,transformador/nucleo/delta_t,7.11,°C,
2026-05-16T23:45:32.828Z,transformador/primario/corrente,3.28,A,
2026-05-16T23:45:32.828Z,transformador/secundario/corrente,25.79,A,
2026-05-16T23:45:32.828Z,transformador/vibracao/fft_120hz,0.11,g,
2026-05-16T23:45:32.828Z,transformador/vibracao/fft_240hz,0.02,g,
2026-05-16T23:45:34.330Z,transformador/nucleo/temperatura,64.41,°C,
2026-05-16T23:45:34.330Z,transformador/nucleo/delta_t,24.56,°C,
2026-05-16T23:45:34.330Z,transformador/primario/corrente,3.01,A,
2026-05-16T23:45:34.330Z,transformador/secundario/corrente,25.29,A,
2026-05-16T23:45:34.330Z,transformador/vibracao/fft_120hz,0.11,g,
2026-05-16T23:45:34.330Z,transformador/vibracao/fft_240hz,0.03,g,
2026-05-16T23:45:35.830Z,transformador/nucleo/temperatura,64.61,°C,
2026-05-16T23:45:35.830Z,transformador/nucleo/delta_t,7.83,°C,
2026-05-16T23:45:35.830Z,transformador/primario/corrente,2.76,A,
2026-05-16T23:45:35.830Z,transformador/secundario/corrente,21.08,A,
2026-05-16T23:45:35.830Z,transformador/vibracao/fft_120hz,0.06,g,
2026-05-16T23:45:35.830Z,transformador/vibracao/fft_240hz,0.02,g,
2026-05-16T23:45:37.331Z,transformador/nucleo/temperatura,46.89,°C,
2026-05-16T23:45:37.331Z,transformador/nucleo/delta_t,4.51,°C,
2026-05-16T23:45:37.331Z,transformador/primario/corrente,2.97,A,
2026-05-16T23:45:37.331Z,transformador/secundario/corrente,19.84,A,
2026-05-16T23:45:37.331Z,transformador/vibracao/fft_120hz,0.12,g,
2026-05-16T23:45:37.331Z,transformador/vibracao/fft_240hz,0.06,g,
2026-05-16T23:45:38.832Z,transformador/nucleo/temperatura,63.68,°C,
2026-05-16T23:45:38.832Z,transformador/nucleo/delta_t,7.32,°C,
2026-05-16T23:45:38.832Z,transformador/primario/corrente,3.09,A,
2026-05-16T23:45:38.832Z,transformador/secundario/corrente,27.22,A,
2026-05-16T23:45:38.832Z,transformador/vibracao/fft_120hz,0.12,g,
2026-05-16T23:45:38.832Z,transformador/vibracao/fft_240hz,0.08,g,
2026-05-16T23:45:40.333Z,transformador/nucleo/temperatura,49.63,°C,
2026-05-16T23:45:40.333Z,transformador/nucleo/delta_t,7.79,°C,
2026-05-16T23:45:40.333Z,transformador/primario/corrente,3.01,A,
2026-05-16T23:45:40.333Z,transformador/secundario/corrente,21.09,A,
2026-05-16T23:45:40.333Z,transformador/vibracao/fft_120hz,0.13,g,
2026-05-16T23:45:40.333Z,transformador/vibracao/fft_240hz,0.31,g,
2026-05-16T23:45:41.835Z,transformador/nucleo/temperatura,59.51,°C,
2026-05-16T23:45:41.835Z,transformador/nucleo/delta_t,10.89,°C,
2026-05-16T23:45:41.835Z,transformador/primario/corrente,2.21,A,
2026-05-16T23:45:41.835Z,transformador/secundario/corrente,19.9,A,
2026-05-16T23:45:41.835Z,transformador/vibracao/fft_120hz,0.12,g,
2026-05-16T23:45:41.835Z,transformador/vibracao/fft_240hz,0.05,g,
2026-05-16T23:45:43.338Z,transformador/nucleo/temperatura,47.08,°C,
2026-05-16T23:45:43.338Z,transformador/nucleo/delta_t,6.88,°C,
2026-05-16T23:45:43.338Z,transformador/primario/corrente,2.3,A,
2026-05-16T23:45:43.338Z,transformador/secundario/corrente,16.43,A,
2026-05-16T23:45:43.338Z,transformador/vibracao/fft_120hz,0.52,g,
2026-05-16T23:45:43.338Z,transformador/vibracao/fft_240hz,0.01,g,
2026-05-16T23:45:44.838Z,transformador/nucleo/temperatura,60,°C,
2026-05-16T23:45:44.838Z,transformador/nucleo/delta_t,10.38,°C,
2026-05-16T23:45:44.838Z,transformador/primario/corrente,3.3,A,
2026-05-16T23:45:44.838Z,transformador/secundario/corrente,17.33,A,
2026-05-16T23:45:44.838Z,transformador/vibracao/fft_120hz,0.09,g,
2026-05-16T23:45:44.838Z,transformador/vibracao/fft_240hz,0.02,g,
2026-05-16T23:45:46.340Z,transformador/nucleo/temperatura,50.14,°C,
2026-05-16T23:45:46.340Z,transformador/nucleo/delta_t,10.92,°C,
2026-05-16T23:45:46.340Z,transformador/primario/corrente,3.16,A,
2026-05-16T23:45:46.340Z,transformador/secundario/corrente,25.65,A,
2026-05-16T23:45:46.340Z,transformador/vibracao/fft_120hz,0.11,g,
2026-05-16T23:45:46.340Z,transformador/vibracao/fft_240hz,0,g,
2026-05-16T23:45:47.843Z,transformador/nucleo/temperatura,60.62,°C,
2026-05-16T23:45:47.843Z,transformador/nucleo/delta_t,4.83,°C,
2026-05-16T23:45:47.843Z,transformador/primario/corrente,2.73,A,
2026-05-16T23:45:47.843Z,transformador/secundario/corrente,23.33,A,
2026-05-16T23:45:47.843Z,transformador/vibracao/fft_120hz,0.08,g,
2026-05-16T23:45:47.843Z,transformador/vibracao/fft_240hz,0.03,g,
2026-05-16T23:45:49.346Z,transformador/nucleo/temperatura,59.91,°C,
2026-05-16T23:45:49.346Z,transformador/nucleo/delta_t,5.79,°C,
2026-05-16T23:45:49.346Z,transformador/primario/corrente,2.35,A,
2026-05-16T23:45:49.346Z,transformador/secundario/corrente,32.12,A,
2026-05-16T23:45:49.346Z,transformador/vibracao/fft_120hz,0.1,g,
2026-05-16T23:45:49.346Z,transformador/vibracao/fft_240hz,0.02,g,
2026-05-16T23:45:50.847Z,transformador/nucleo/temperatura,60.55,°C,
2026-05-16T23:45:50.847Z,transformador/nucleo/delta_t,9.65,°C,
2026-05-16T23:45:50.847Z,transformador/primario/corrente,2.01,A,
2026-05-16T23:45:50.847Z,transformador/secundario/corrente,25.15,A,
2026-05-16T23:45:50.847Z,transformador/vibracao/fft_120hz,0.11,g,
2026-05-16T23:45:50.847Z,transformador/vibracao/fft_240hz,0.04,g,
2026-05-16T23:45:52.349Z,transformador/nucleo/temperatura,52.63,°C,
2026-05-16T23:45:52.349Z,transformador/nucleo/delta_t,10.4,°C,
2026-05-16T23:45:52.349Z,transformador/primario/corrente,2.51,A,
2026-05-16T23:45:52.349Z,transformador/secundario/corrente,19.7,A,
2026-05-16T23:45:52.349Z,transformador/vibracao/fft_120hz,0.03,g,
2026-05-16T23:45:52.349Z,transformador/vibracao/fft_240hz,0,g,
2026-05-16T23:45:53.851Z,transformador/nucleo/temperatura,50.92,°C,
2026-05-16T23:45:53.851Z,transformador/nucleo/delta_t,9.42,°C,
2026-05-16T23:45:53.851Z,transformador/primario/corrente,2.71,A,
2026-05-16T23:45:53.851Z,transformador/secundario/corrente,17.48,A,
2026-05-16T23:45:53.851Z,transformador/vibracao/fft_120hz,0.02,g,
2026-05-16T23:45:53.851Z,transformador/vibracao/fft_240hz,0.04,g,
2026-05-16T23:45:55.353Z,transformador/nucleo/temperatura,50.26,°C,
2026-05-16T23:45:55.353Z,transformador/nucleo/delta_t,6.41,°C,
2026-05-16T23:45:55.353Z,transformador/primario/corrente,3.26,A,
2026-05-16T23:45:55.353Z,transformador/secundario/corrente,23.23,A,
2026-05-16T23:45:55.353Z,transformador/vibracao/fft_120hz,0.04,g,
2026-05-16T23:45:55.353Z,transformador/vibracao/fft_240hz,0.05,g,
2026-05-16T23:45:56.855Z,transformador/nucleo/temperatura,59.64,°C,
2026-05-16T23:45:56.855Z,transformador/nucleo/delta_t,8.51,°C,
2026-05-16T23:45:56.855Z,transformador/primario/corrente,2.41,A,
2026-05-16T23:45:56.855Z,transformador/secundario/corrente,20.74,A,
2026-05-16T23:45:56.855Z,transformador/vibracao/fft_120hz,0.24,g,
2026-05-16T23:45:56.855Z,transformador/vibracao/fft_240hz,0.05,g,
2026-05-16T23:45:58.356Z,transformador/nucleo/temperatura,57.38,°C,
2026-05-16T23:45:58.356Z,transformador/nucleo/delta_t,21.65,°C,
2026-05-16T23:45:58.356Z,transformador/primario/corrente,2.97,A,
2026-05-16T23:45:58.356Z,transformador/secundario/corrente,25.62,A,
2026-05-16T23:45:58.356Z,transformador/vibracao/fft_120hz,0.13,g,
2026-05-16T23:45:58.356Z,transformador/vibracao/fft_240hz,0.05,g,
2026-05-16T23:45:59.859Z,transformador/nucleo/temperatura,51.45,°C,
2026-05-16T23:45:59.859Z,transformador/nucleo/delta_t,4.96,°C,
2026-05-16T23:45:59.859Z,transformador/primario/corrente,3.23,A,
2026-05-16T23:45:59.859Z,transformador/secundario/corrente,22.79,A,
2026-05-16T23:45:59.859Z,transformador/vibracao/fft_120hz,0.04,g,
2026-05-16T23:45:59.859Z,transformador/vibracao/fft_240hz,0.05,g,
2026-05-16T23:46:01.362Z,transformador/nucleo/temperatura,59.35,°C,
2026-05-16T23:46:01.362Z,transformador/nucleo/delta_t,11.44,°C,
2026-05-16T23:46:01.362Z,transformador/primario/corrente,2.2,A,
2026-05-16T23:46:01.362Z,transformador/secundario/corrente,21.94,A,
2026-05-16T23:46:01.362Z,transformador/vibracao/fft_120hz,0.06,g,
2026-05-16T23:46:01.362Z,transformador/vibracao/fft_240hz,0.07,g,
2026-05-16T23:46:02.864Z,transformador/nucleo/temperatura,51.61,°C,
2026-05-16T23:46:02.864Z,transformador/nucleo/delta_t,8.93,°C,
2026-05-16T23:46:02.864Z,transformador/primario/corrente,2.06,A,
2026-05-16T23:46:02.864Z,transformador/secundario/corrente,21.85,A,
2026-05-16T23:46:02.864Z,transformador/vibracao/fft_120hz,0.13,g,
2026-05-16T23:46:02.864Z,transformador/vibracao/fft_240hz,0.03,g,
2026-05-16T23:46:04.367Z,transformador/nucleo/temperatura,45.03,°C,
2026-05-16T23:46:04.367Z,transformador/nucleo/delta_t,6.92,°C,
2026-05-16T23:46:04.367Z,transformador/primario/corrente,3.41,A,
2026-05-16T23:46:04.367Z,transformador/secundario/corrente,23.15,A,
2026-05-16T23:46:04.367Z,transformador/vibracao/fft_120hz,0.11,g,
2026-05-16T23:46:04.367Z,transformador/vibracao/fft_240hz,0.19,g,
2026-05-16T23:46:05.869Z,transformador/nucleo/temperatura,59.43,°C,
2026-05-16T23:46:05.869Z,transformador/nucleo/delta_t,10.94,°C,
2026-05-16T23:46:05.869Z,transformador/primario/corrente,5.6,A,
2026-05-16T23:46:05.869Z,transformador/secundario/corrente,20.21,A,
2026-05-16T23:46:05.869Z,transformador/vibracao/fft_120hz,0.03,g,
2026-05-16T23:46:05.869Z,transformador/vibracao/fft_240hz,0,g,
2026-05-16T23:46:07.371Z,transformador/nucleo/temperatura,50.9,°C,
2026-05-16T23:46:07.371Z,transformador/nucleo/delta_t,5.91,°C,
2026-05-16T23:46:07.371Z,transformador/primario/corrente,3.18,A,
2026-05-16T23:46:07.371Z,transformador/secundario/corrente,24.19,A,
2026-05-16T23:46:07.371Z,transformador/vibracao/fft_120hz,0.13,g,
2026-05-16T23:46:07.371Z,transformador/vibracao/fft_240hz,0.04,g,
2026-05-16T23:46:08.873Z,transformador/nucleo/temperatura,52.54,°C,
2026-05-16T23:46:08.873Z,transformador/nucleo/delta_t,11.21,°C,
2026-05-16T23:46:08.873Z,transformador/primario/corrente,2.06,A,
2026-05-16T23:46:08.873Z,transformador/secundario/corrente,23.38,A,
2026-05-16T23:46:08.873Z,transformador/vibracao/fft_120hz,0.14,g,
2026-05-16T23:46:08.873Z,transformador/vibracao/fft_240hz,0.02,g,
2026-05-16T23:46:10.375Z,transformador/nucleo/temperatura,47.62,°C,
2026-05-16T23:46:10.375Z,transformador/nucleo/delta_t,7.54,°C,
2026-05-16T23:46:10.375Z,transformador/primario/corrente,2.99,A,
2026-05-16T23:46:10.375Z,transformador/secundario/corrente,26.4,A,
2026-05-16T23:46:10.375Z,transformador/vibracao/fft_120hz,0.08,g,
2026-05-16T23:46:10.375Z,transformador/vibracao/fft_240hz,0.04,g,
2026-05-16T23:46:11.878Z,transformador/nucleo/temperatura,55.98,°C,
2026-05-16T23:46:11.878Z,transformador/nucleo/delta_t,9.62,°C,
2026-05-16T23:46:11.878Z,transformador/primario/corrente,2.86,A,
2026-05-16T23:46:11.878Z,transformador/secundario/corrente,17.48,A,
2026-05-16T23:46:11.878Z,transformador/vibracao/fft_120hz,0.03,g,
2026-05-16T23:46:11.878Z,transformador/vibracao/fft_240hz,0,g,
2026-05-16T23:46:13.379Z,transformador/nucleo/temperatura,58.67,°C,
2026-05-16T23:46:13.379Z,transformador/nucleo/delta_t,5.73,°C,
2026-05-16T23:46:13.379Z,transformador/primario/corrente,3.36,A,
2026-05-16T23:46:13.379Z,transformador/secundario/corrente,26.26,A,
2026-05-16T23:46:13.379Z,transformador/vibracao/fft_120hz,0.06,g,
2026-05-16T23:46:13.379Z,transformador/vibracao/fft_240hz,0.08,g,
2026-05-16T23:46:14.880Z,transformador/nucleo/temperatura,59.72,°C,
2026-05-16T23:46:14.880Z,transformador/nucleo/delta_t,5.78,°C,
2026-05-16T23:46:14.880Z,transformador/primario/corrente,2.67,A,
2026-05-16T23:46:14.880Z,transformador/secundario/corrente,21.43,A,
2026-05-16T23:46:14.880Z,transformador/vibracao/fft_120hz,0.1,g,
2026-05-16T23:46:14.880Z,transformador/vibracao/fft_240hz,0.02,g,
2026-05-16T23:46:16.382Z,transformador/nucleo/temperatura,62.19,°C,
2026-05-16T23:46:16.382Z,transformador/nucleo/delta_t,11.56,°C,
2026-05-16T23:46:16.382Z,transformador/primario/corrente,3.09,A,
2026-05-16T23:46:16.382Z,transformador/secundario/corrente,25.59,A,
2026-05-16T23:46:16.382Z,transformador/vibracao/fft_120hz,0.11,g,
2026-05-16T23:46:16.382Z,transformador/vibracao/fft_240hz,0.01,g,
2026-05-16T23:46:17.884Z,transformador/nucleo/temperatura,58.17,°C,
2026-05-16T23:46:17.884Z,transformador/nucleo/delta_t,6.7,°C,
2026-05-16T23:46:17.884Z,transformador/primario/corrente,2.64,A,
2026-05-16T23:46:17.884Z,transformador/secundario/corrente,22.41,A,
2026-05-16T23:46:17.884Z,transformador/vibracao/fft_120hz,0.11,g,
2026-05-16T23:46:17.884Z,transformador/vibracao/fft_240hz,0.05,g,
2026-05-16T23:46:19.385Z,transformador/nucleo/temperatura,56.82,°C,
2026-05-16T23:46:19.385Z,transformador/nucleo/delta_t,24.49,°C,
2026-05-16T23:46:19.385Z,transformador/primario/corrente,3.34,A,
2026-05-16T23:46:19.385Z,transformador/secundario/corrente,25.31,A,
2026-05-16T23:46:19.385Z,transformador/vibracao/fft_120hz,0.11,g,
2026-05-16T23:46:19.385Z,transformador/vibracao/fft_240hz,0.06,g,
2026-05-16T23:46:20.888Z,transformador/nucleo/temperatura,57.31,°C,
2026-05-16T23:46:20.888Z,transformador/nucleo/delta_t,4.52,°C,
2026-05-16T23:46:20.888Z,transformador/primario/corrente,2.11,A,
2026-05-16T23:46:20.888Z,transformador/secundario/corrente,26.15,A,
2026-05-16T23:46:20.888Z,transformador/vibracao/fft_120hz,0.08,g,
2026-05-16T23:46:20.888Z,transformador/vibracao/fft_240hz,0.06,g,
2026-05-16T23:46:22.390Z,transformador/nucleo/temperatura,61.82,°C,
2026-05-16T23:46:22.390Z,transformador/nucleo/delta_t,10.66,°C,
2026-05-16T23:46:22.390Z,transformador/primario/corrente,2.49,A,
2026-05-16T23:46:22.390Z,transformador/secundario/corrente,17.41,A,
2026-05-16T23:46:22.390Z,transformador/vibracao/fft_120hz,0.11,g,
2026-05-16T23:46:22.390Z,transformador/vibracao/fft_240hz,0.03,g,
2026-05-16T23:46:23.891Z,transformador/nucleo/temperatura,58.78,°C,
2026-05-16T23:46:23.891Z,transformador/nucleo/delta_t,4.95,°C,
2026-05-16T23:46:23.891Z,transformador/primario/corrente,3.11,A,
2026-05-16T23:46:23.891Z,transformador/secundario/corrente,26.53,A,
2026-05-16T23:46:23.891Z,transformador/vibracao/fft_120hz,0.08,g,
2026-05-16T23:46:23.891Z,transformador/vibracao/fft_240hz,0.01,g,
2026-05-16T23:46:25.393Z,transformador/nucleo/temperatura,55.93,°C,
2026-05-16T23:46:25.393Z,transformador/nucleo/delta_t,11.53,°C,
2026-05-16T23:46:25.393Z,transformador/primario/corrente,2.93,A,
2026-05-16T23:46:25.393Z,transformador/secundario/corrente,21.94,A,
2026-05-16T23:46:25.393Z,transformador/vibracao/fft_120hz,0.12,g,
2026-05-16T23:46:25.393Z,transformador/vibracao/fft_240hz,0.01,g,
2026-05-16T23:46:26.895Z,transformador/nucleo/temperatura,48.77,°C,
2026-05-16T23:46:26.895Z,transformador/nucleo/delta_t,5.9,°C,
2026-05-16T23:46:26.895Z,transformador/primario/corrente,2.06,A,
2026-05-16T23:46:26.895Z,transformador/secundario/corrente,21.56,A,
2026-05-16T23:46:26.895Z,transformador/vibracao/fft_120hz,0.13,g,
2026-05-16T23:46:26.895Z,transformador/vibracao/fft_240hz,0.2,g,
2026-05-16T23:46:28.397Z,transformador/nucleo/temperatura,62.5,°C,
2026-05-16T23:46:28.397Z,transformador/nucleo/delta_t,7.17,°C,
2026-05-16T23:46:28.397Z,transformador/primario/corrente,2.87,A,
2026-05-16T23:46:28.397Z,transformador/secundario/corrente,52.28,A,
2026-05-16T23:46:28.397Z,transformador/vibracao/fft_120hz,0.35,g,
2026-05-16T23:46:28.397Z,transformador/vibracao/fft_240hz,0.04,g,
2026-05-16T23:46:29.899Z,transformador/nucleo/temperatura,49.28,°C,
2026-05-16T23:46:29.899Z,transformador/nucleo/delta_t,6.42,°C,
2026-05-16T23:46:29.899Z,transformador/primario/corrente,2.18,A,
2026-05-16T23:46:29.899Z,transformador/secundario/corrente,24.61,A,
2026-05-16T23:46:29.899Z,transformador/vibracao/fft_120hz,0.05,g,
2026-05-16T23:46:29.899Z,transformador/vibracao/fft_240hz,0.02,g,
2026-05-16T23:46:31.401Z,transformador/nucleo/temperatura,62.01,°C,
2026-05-16T23:46:31.401Z,transformador/nucleo/delta_t,7.12,°C,
2026-05-16T23:46:31.401Z,transformador/primario/corrente,2.21,A,
2026-05-16T23:46:31.401Z,transformador/secundario/corrente,25.27,A,
2026-05-16T23:46:31.401Z,transformador/vibracao/fft_120hz,0.33,g,
2026-05-16T23:46:31.401Z,transformador/vibracao/fft_240hz,0.02,g,
2026-05-16T23:46:32.903Z,transformador/nucleo/temperatura,48.6,°C,
2026-05-16T23:46:32.903Z,transformador/nucleo/delta_t,5.2,°C,
2026-05-16T23:46:32.903Z,transformador/primario/corrente,2.26,A,
2026-05-16T23:46:32.903Z,transformador/secundario/corrente,17.42,A,
2026-05-16T23:46:32.903Z,transformador/vibracao/fft_120hz,0.14,g,
2026-05-16T23:46:32.903Z,transformador/vibracao/fft_240hz,0.02,g,
2026-05-16T23:46:34.405Z,transformador/nucleo/temperatura,47.04,°C,
2026-05-16T23:46:34.405Z,transformador/nucleo/delta_t,5.97,°C,
2026-05-16T23:46:34.405Z,transformador/primario/corrente,2.31,A,
2026-05-16T23:46:34.405Z,transformador/secundario/corrente,23.33,A,
2026-05-16T23:46:34.405Z,transformador/vibracao/fft_120hz,0.53,g,
2026-05-16T23:46:34.405Z,transformador/vibracao/fft_240hz,0,g,
2026-05-16T23:46:35.908Z,transformador/nucleo/temperatura,56.04,°C,
2026-05-16T23:46:35.908Z,transformador/nucleo/delta_t,10.44,°C,
2026-05-16T23:46:35.908Z,transformador/primario/corrente,3.24,A,
2026-05-16T23:46:35.908Z,transformador/secundario/corrente,18.83,A,
2026-05-16T23:46:35.908Z,transformador/vibracao/fft_120hz,0.12,g,
2026-05-16T23:46:35.908Z,transformador/vibracao/fft_240hz,0.05,g,
2026-05-16T23:46:37.410Z,transformador/nucleo/temperatura,59.04,°C,
2026-05-16T23:46:37.410Z,transformador/nucleo/delta_t,4.08,°C,
2026-05-16T23:46:37.410Z,transformador/primario/corrente,2.61,A,
2026-05-16T23:46:37.410Z,transformador/secundario/corrente,18.12,A,
2026-05-16T23:46:37.410Z,transformador/vibracao/fft_120hz,0.38,g,
2026-05-16T23:46:37.410Z,transformador/vibracao/fft_240hz,0.04,g,
2026-05-16T23:46:38.911Z,transformador/nucleo/temperatura,54.8,°C,
2026-05-16T23:46:38.911Z,transformador/nucleo/delta_t,5.22,°C,
2026-05-16T23:46:38.911Z,transformador/primario/corrente,3.16,A,
2026-05-16T23:46:38.911Z,transformador/secundario/corrente,23.23,A,
2026-05-16T23:46:38.911Z,transformador/vibracao/fft_120hz,0.03,g,
2026-05-16T23:46:38.911Z,transformador/vibracao/fft_240hz,0.06,g,
2026-05-16T23:46:40.414Z,transformador/nucleo/temperatura,51.31,°C,
2026-05-16T23:46:40.414Z,transformador/nucleo/delta_t,6.38,°C,
2026-05-16T23:46:40.414Z,transformador/primario/corrente,2.01,A,
2026-05-16T23:46:40.414Z,transformador/secundario/corrente,26.2,A,
2026-05-16T23:46:40.414Z,transformador/vibracao/fft_120hz,0.59,g,
2026-05-16T23:46:40.414Z,transformador/vibracao/fft_240hz,0.05,g,
2026-05-16T23:46:41.915Z,transformador/nucleo/temperatura,64.07,°C,
2026-05-16T23:46:41.915Z,transformador/nucleo/delta_t,6.17,°C,
2026-05-16T23:46:41.915Z,transformador/primario/corrente,2.28,A,
2026-05-16T23:46:41.915Z,transformador/secundario/corrente,22.2,A,
2026-05-16T23:46:41.915Z,transformador/vibracao/fft_120hz,0.1,g,
2026-05-16T23:46:41.915Z,transformador/vibracao/fft_240hz,0.03,g,
2026-05-16T23:46:43.418Z,transformador/nucleo/temperatura,72.39,°C,
2026-05-16T23:46:43.418Z,transformador/nucleo/delta_t,17.67,°C,
2026-05-16T23:46:43.418Z,transformador/primario/corrente,2.5,A,
2026-05-16T23:46:43.418Z,transformador/secundario/corrente,24.84,A,
2026-05-16T23:46:43.418Z,transformador/vibracao/fft_120hz,0.08,g,
2026-05-16T23:46:43.418Z,transformador/vibracao/fft_240hz,0.06,g,
2026-05-16T23:46:44.920Z,transformador/nucleo/temperatura,61.47,°C,
2026-05-16T23:46:44.920Z,transformador/nucleo/delta_t,5.8,°C,
2026-05-16T23:46:44.920Z,transformador/primario/corrente,2.72,A,
2026-05-16T23:46:44.920Z,transformador/secundario/corrente,16.99,A,
2026-05-16T23:46:44.920Z,transformador/vibracao/fft_120hz,0.09,g,
2026-05-16T23:46:44.920Z,transformador/vibracao/fft_240hz,0.01,g,
2026-05-16T23:46:46.421Z,transformador/nucleo/temperatura,54.72,°C,
2026-05-16T23:46:46.421Z,transformador/nucleo/delta_t,11.33,°C,
2026-05-16T23:46:46.421Z,transformador/primario/corrente,3.32,A,
2026-05-16T23:46:46.421Z,transformador/secundario/corrente,17.98,A,
2026-05-16T23:46:46.421Z,transformador/vibracao/fft_120hz,0.07,g,
2026-05-16T23:46:46.421Z,transformador/vibracao/fft_240hz,0.01,g,
2026-05-16T23:46:47.923Z,transformador/nucleo/temperatura,55.8,°C,
2026-05-16T23:46:47.923Z,transformador/nucleo/delta_t,6.38,°C,
2026-05-16T23:46:47.923Z,transformador/primario/corrente,2.88,A,
2026-05-16T23:46:47.923Z,transformador/secundario/corrente,25.73,A,
2026-05-16T23:46:47.923Z,transformador/vibracao/fft_120hz,0.09,g,
2026-05-16T23:46:47.923Z,transformador/vibracao/fft_240hz,0.21,g,
2026-05-16T23:46:49.424Z,transformador/nucleo/temperatura,45.88,°C,
2026-05-16T23:46:49.424Z,transformador/nucleo/delta_t,4.88,°C,
2026-05-16T23:46:49.424Z,transformador/primario/corrente,3.12,A,
2026-05-16T23:46:49.424Z,transformador/secundario/corrente,16.81,A,
2026-05-16T23:46:49.424Z,transformador/vibracao/fft_120hz,0.13,g,
2026-05-16T23:46:49.424Z,transformador/vibracao/fft_240hz,0.02,g,
2026-05-16T23:46:50.925Z,transformador/nucleo/temperatura,50.49,°C,
2026-05-16T23:46:50.925Z,transformador/nucleo/delta_t,4.87,°C,
2026-05-16T23:46:50.925Z,transformador/primario/corrente,2.06,A,
2026-05-16T23:46:50.925Z,transformador/secundario/corrente,23.54,A,
2026-05-16T23:46:50.925Z,transformador/vibracao/fft_120hz,0.05,g,
2026-05-16T23:46:50.925Z,transformador/vibracao/fft_240hz,0.05,g,
2026-05-16T23:46:52.428Z,transformador/nucleo/temperatura,63.27,°C,
2026-05-16T23:46:52.428Z,transformador/nucleo/delta_t,11.41,°C,
2026-05-16T23:46:52.428Z,transformador/primario/corrente,3.54,A,
2026-05-16T23:46:52.428Z,transformador/secundario/corrente,20.71,A,
2026-05-16T23:46:52.428Z,transformador/vibracao/fft_120hz,0.08,g,
2026-05-16T23:46:52.428Z,transformador/vibracao/fft_240hz,0.05,g,
2026-05-16T23:46:53.930Z,transformador/nucleo/temperatura,57.68,°C,
2026-05-16T23:46:53.930Z,transformador/nucleo/delta_t,9.73,°C,
2026-05-16T23:46:53.930Z,transformador/primario/corrente,3.06,A,
2026-05-16T23:46:53.930Z,transformador/secundario/corrente,20.29,A,
2026-05-16T23:46:53.930Z,transformador/vibracao/fft_120hz,0.13,g,
2026-05-16T23:46:53.930Z,transformador/vibracao/fft_240hz,0.06,g,
2026-05-16T23:46:55.432Z,transformador/nucleo/temperatura,60.64,°C,
2026-05-16T23:46:55.432Z,transformador/nucleo/delta_t,11.5,°C,
2026-05-16T23:46:55.432Z,transformador/primario/corrente,2.42,A,
2026-05-16T23:46:55.432Z,transformador/secundario/corrente,25.71,A,
2026-05-16T23:46:55.432Z,transformador/vibracao/fft_120hz,0.08,g,
2026-05-16T23:46:55.432Z,transformador/vibracao/fft_240hz,0.01,g,
2026-05-16T23:46:56.932Z,transformador/nucleo/temperatura,49.14,°C,
2026-05-16T23:46:56.932Z,transformador/nucleo/delta_t,8.87,°C,
2026-05-16T23:46:56.932Z,transformador/primario/corrente,3.17,A,
2026-05-16T23:46:56.932Z,transformador/secundario/corrente,16.45,A,
2026-05-16T23:46:56.932Z,transformador/vibracao/fft_120hz,0.05,g,
2026-05-16T23:46:56.932Z,transformador/vibracao/fft_240hz,0.05,g,
2026-05-16T23:46:58.433Z,transformador/nucleo/temperatura,60.04,°C,
2026-05-16T23:46:58.433Z,transformador/nucleo/delta_t,4.32,°C,
2026-05-16T23:46:58.433Z,transformador/primario/corrente,3.26,A,
2026-05-16T23:46:58.433Z,transformador/secundario/corrente,26.77,A,
2026-05-16T23:46:58.433Z,transformador/vibracao/fft_120hz,0.07,g,
2026-05-16T23:46:58.433Z,transformador/vibracao/fft_240hz,0.03,g,
2026-05-16T23:46:59.935Z,transformador/nucleo/temperatura,64.69,°C,
2026-05-16T23:46:59.935Z,transformador/nucleo/delta_t,8.97,°C,
2026-05-16T23:46:59.935Z,transformador/primario/corrente,2.17,A,
2026-05-16T23:46:59.935Z,transformador/secundario/corrente,27.36,A,
2026-05-16T23:46:59.935Z,transformador/vibracao/fft_120hz,0.02,g,
2026-05-16T23:46:59.935Z,transformador/vibracao/fft_240hz,0.08,g,
2026-05-16T23:47:01.438Z,transformador/nucleo/temperatura,45.1,°C,
2026-05-16T23:47:01.438Z,transformador/nucleo/delta_t,11.88,°C,
2026-05-16T23:47:01.438Z,transformador/primario/corrente,2.21,A,
2026-05-16T23:47:01.438Z,transformador/secundario/corrente,22.17,A,
2026-05-16T23:47:01.438Z,transformador/vibracao/fft_120hz,0.05,g,
2026-05-16T23:47:01.438Z,transformador/vibracao/fft_240hz,0.08,g,
2026-05-16T23:47:02.940Z,transformador/nucleo/temperatura,59.05,°C,
2026-05-16T23:47:02.940Z,transformador/nucleo/delta_t,4.72,°C,
2026-05-16T23:47:02.940Z,transformador/primario/corrente,2.44,A,
2026-05-16T23:47:02.940Z,transformador/secundario/corrente,33.41,A,
2026-05-16T23:47:02.940Z,transformador/vibracao/fft_120hz,0.09,g,
2026-05-16T23:47:02.940Z,transformador/vibracao/fft_240hz,0.03,g,
2026-05-16T23:47:04.442Z,transformador/nucleo/temperatura,61.38,°C,
2026-05-16T23:47:04.442Z,transformador/nucleo/delta_t,10.56,°C,
2026-05-16T23:47:04.442Z,transformador/primario/corrente,3.03,A,
2026-05-16T23:47:04.442Z,transformador/secundario/corrente,23.33,A,
2026-05-16T23:47:04.442Z,transformador/vibracao/fft_120hz,0.05,g,
2026-05-16T23:47:04.442Z,transformador/vibracao/fft_240hz,0.06,g,
2026-05-16T23:47:05.945Z,transformador/nucleo/temperatura,56.41,°C,
2026-05-16T23:47:05.945Z,transformador/nucleo/delta_t,10.07,°C,
2026-05-16T23:47:05.945Z,transformador/primario/corrente,3.48,A,
2026-05-16T23:47:05.945Z,transformador/secundario/corrente,23.14,A,
2026-05-16T23:47:05.945Z,transformador/vibracao/fft_120hz,0.11,g,
2026-05-16T23:47:05.945Z,transformador/vibracao/fft_240hz,0.06,g,
2026-05-16T23:47:07.447Z,transformador/nucleo/temperatura,50.67,°C,
2026-05-16T23:47:07.447Z,transformador/nucleo/delta_t,10.65,°C,
2026-05-16T23:47:07.447Z,transformador/primario/corrente,3.21,A,
2026-05-16T23:47:07.447Z,transformador/secundario/corrente,25.49,A,
2026-05-16T23:47:07.447Z,transformador/vibracao/fft_120hz,0.1,g,
2026-05-16T23:47:07.447Z,transformador/vibracao/fft_240hz,0.07,g,
2026-05-16T23:47:08.948Z,transformador/nucleo/temperatura,54.07,°C,
2026-05-16T23:47:08.948Z,transformador/nucleo/delta_t,9.93,°C,
2026-05-16T23:47:08.948Z,transformador/primario/corrente,3.16,A,
2026-05-16T23:47:08.948Z,transformador/secundario/corrente,17.58,A,
2026-05-16T23:47:08.948Z,transformador/vibracao/fft_120hz,0.08,g,
2026-05-16T23:47:08.948Z,transformador/vibracao/fft_240hz,0.22,g,
2026-05-16T23:47:10.451Z,transformador/nucleo/temperatura,53.63,°C,
2026-05-16T23:47:10.451Z,transformador/nucleo/delta_t,9.07,°C,
2026-05-16T23:47:10.451Z,transformador/primario/corrente,3.27,A,
2026-05-16T23:47:10.451Z,transformador/secundario/corrente,23.5,A,
2026-05-16T23:47:10.451Z,transformador/vibracao/fft_120hz,0.1,g,
2026-05-16T23:47:10.451Z,transformador/vibracao/fft_240hz,0.05,g,
2026-05-16T23:47:11.952Z,transformador/nucleo/temperatura,45.78,°C,
2026-05-16T23:47:11.952Z,transformador/nucleo/delta_t,9.93,°C,
2026-05-16T23:47:11.952Z,transformador/primario/corrente,2.49,A,
2026-05-16T23:47:11.952Z,transformador/secundario/corrente,27.57,A,
2026-05-16T23:47:11.952Z,transformador/vibracao/fft_120hz,0.53,g,
2026-05-16T23:47:11.952Z,transformador/vibracao/fft_240hz,0.04,g,
2026-05-16T23:47:13.453Z,transformador/nucleo/temperatura,48.59,°C,
2026-05-16T23:47:13.453Z,transformador/nucleo/delta_t,9.26,°C,
2026-05-16T23:47:13.453Z,transformador/primario/corrente,3.21,A,
2026-05-16T23:47:13.453Z,transformador/secundario/corrente,23.5,A,
2026-05-16T23:47:13.453Z,transformador/vibracao/fft_120hz,0.12,g,
2026-05-16T23:47:13.453Z,transformador/vibracao/fft_240hz,0.07,g,
2026-05-16T23:47:14.954Z,transformador/nucleo/temperatura,45.27,°C,
2026-05-16T23:47:14.954Z,transformador/nucleo/delta_t,11.78,°C,
2026-05-16T23:47:14.954Z,transformador/primario/corrente,2.54,A,
2026-05-16T23:47:14.954Z,transformador/secundario/corrente,19.92,A,
2026-05-16T23:47:14.954Z,transformador/vibracao/fft_120hz,0.04,g,
2026-05-16T23:47:14.954Z,transformador/vibracao/fft_240hz,0.04,g,
2026-05-16T23:47:16.456Z,transformador/nucleo/temperatura,64.35,°C,
2026-05-16T23:47:16.456Z,transformador/nucleo/delta_t,4.41,°C,
2026-05-16T23:47:16.456Z,transformador/primario/corrente,2.88,A,
2026-05-16T23:47:16.456Z,transformador/secundario/corrente,16.01,A,
2026-05-16T23:47:16.456Z,transformador/vibracao/fft_120hz,0.07,g,
2026-05-16T23:47:16.456Z,transformador/vibracao/fft_240hz,0.06,g,
2026-05-16T23:47:17.958Z,transformador/nucleo/temperatura,60.65,°C,
2026-05-16T23:47:17.958Z,transformador/nucleo/delta_t,8.33,°C,
2026-05-16T23:47:17.958Z,transformador/primario/corrente,3.47,A,
2026-05-16T23:47:17.958Z,transformador/secundario/corrente,24.35,A,
2026-05-16T23:47:17.958Z,transformador/vibracao/fft_120hz,0.12,g,
2026-05-16T23:47:17.958Z,transformador/vibracao/fft_240hz,0.08,g,
2026-05-16T23:47:19.460Z,transformador/nucleo/temperatura,61.05,°C,
2026-05-16T23:47:19.460Z,transformador/nucleo/delta_t,9.96,°C,
2026-05-16T23:47:19.460Z,transformador/primario/corrente,2,A,
2026-05-16T23:47:19.460Z,transformador/secundario/corrente,26.22,A,
2026-05-16T23:47:19.460Z,transformador/vibracao/fft_120hz,0.11,g,
2026-05-16T23:47:19.460Z,transformador/vibracao/fft_240hz,0.03,g,
2026-05-16T23:47:20.961Z,transformador/nucleo/temperatura,61.06,°C,
2026-05-16T23:47:20.961Z,transformador/nucleo/delta_t,9.6,°C,
2026-05-16T23:47:20.961Z,transformador/primario/corrente,2.46,A,
2026-05-16T23:47:20.961Z,transformador/secundario/corrente,24.08,A,
2026-05-16T23:47:20.961Z,transformador/vibracao/fft_120hz,0.02,g,
2026-05-16T23:47:20.961Z,transformador/vibracao/fft_240hz,0.04,g,
2026-05-16T23:47:22.462Z,transformador/nucleo/temperatura,60.35,°C,
2026-05-16T23:47:22.462Z,transformador/nucleo/delta_t,6.6,°C,
2026-05-16T23:47:22.462Z,transformador/primario/corrente,2.77,A,
2026-05-16T23:47:22.462Z,transformador/secundario/corrente,23.48,A,
2026-05-16T23:47:22.462Z,transformador/vibracao/fft_120hz,0.1,g,
2026-05-16T23:47:22.462Z,transformador/vibracao/fft_240hz,0.02,g,
2026-05-16T23:47:23.963Z,transformador/nucleo/temperatura,63.92,°C,
2026-05-16T23:47:23.963Z,transformador/nucleo/delta_t,11.69,°C,
2026-05-16T23:47:23.963Z,transformador/primario/corrente,2.37,A,
2026-05-16T23:47:23.963Z,transformador/secundario/corrente,22.97,A,
2026-05-16T23:47:23.963Z,transformador/vibracao/fft_120hz,0.09,g,
2026-05-16T23:47:23.963Z,transformador/vibracao/fft_240hz,0.07,g,
2026-05-16T23:47:25.465Z,transformador/nucleo/temperatura,47.12,°C,
2026-05-16T23:47:25.465Z,transformador/nucleo/delta_t,6.11,°C,
2026-05-16T23:47:25.465Z,transformador/primario/corrente,3.07,A,
2026-05-16T23:47:25.465Z,transformador/secundario/corrente,19.13,A,
2026-05-16T23:47:25.465Z,transformador/vibracao/fft_120hz,0.02,g,
2026-05-16T23:47:25.465Z,transformador/vibracao/fft_240hz,0.06,g,
2026-05-16T23:47:26.968Z,transformador/nucleo/temperatura,58.43,°C,
2026-05-16T23:47:26.968Z,transformador/nucleo/delta_t,8.93,°C,
2026-05-16T23:47:26.968Z,transformador/primario/corrente,2.92,A,
2026-05-16T23:47:26.968Z,transformador/secundario/corrente,24.56,A,
2026-05-16T23:47:26.968Z,transformador/vibracao/fft_120hz,0.53,g,
2026-05-16T23:47:26.968Z,transformador/vibracao/fft_240hz,0.08,g,
2026-05-16T23:47:28.469Z,transformador/nucleo/temperatura,63.22,°C,
2026-05-16T23:47:28.469Z,transformador/nucleo/delta_t,10.72,°C,
2026-05-16T23:47:28.469Z,transformador/primario/corrente,2.68,A,
2026-05-16T23:47:28.469Z,transformador/secundario/corrente,23.62,A,
2026-05-16T23:47:28.469Z,transformador/vibracao/fft_120hz,0.09,g,
2026-05-16T23:47:28.469Z,transformador/vibracao/fft_240hz,0.02,g,
2026-05-16T23:47:29.970Z,transformador/nucleo/temperatura,60.97,°C,
2026-05-16T23:47:29.970Z,transformador/nucleo/delta_t,5.18,°C,
2026-05-16T23:47:29.970Z,transformador/primario/corrente,2.67,A,
2026-05-16T23:47:29.970Z,transformador/secundario/corrente,16.99,A,
2026-05-16T23:47:29.970Z,transformador/vibracao/fft_120hz,0.08,g,
2026-05-16T23:47:29.970Z,transformador/vibracao/fft_240hz,0.04,g,
2026-05-16T23:47:31.472Z,transformador/nucleo/temperatura,48.29,°C,
2026-05-16T23:47:31.472Z,transformador/nucleo/delta_t,4.08,°C,
2026-05-16T23:47:31.472Z,transformador/primario/corrente,2.07,A,
2026-05-16T23:47:31.472Z,transformador/secundario/corrente,17.71,A,
2026-05-16T23:47:31.472Z,transformador/vibracao/fft_120hz,0.05,g,
2026-05-16T23:47:31.472Z,transformador/vibracao/fft_240hz,0.02,g,
2026-05-16T23:47:32.974Z,transformador/nucleo/temperatura,59.05,°C,
2026-05-16T23:47:32.974Z,transformador/nucleo/delta_t,10.79,°C,
2026-05-16T23:47:32.974Z,transformador/primario/corrente,3.39,A,
2026-05-16T23:47:32.974Z,transformador/secundario/corrente,22.91,A,
2026-05-16T23:47:32.974Z,transformador/vibracao/fft_120hz,0.12,g,
2026-05-16T23:47:32.974Z,transformador/vibracao/fft_240hz,0,g,
2026-05-16T23:47:34.475Z,transformador/nucleo/temperatura,60.16,°C,
2026-05-16T23:47:34.475Z,transformador/nucleo/delta_t,10.89,°C,
2026-05-16T23:47:34.475Z,transformador/primario/corrente,3.03,A,
2026-05-16T23:47:34.475Z,transformador/secundario/corrente,22.23,A,
2026-05-16T23:47:34.475Z,transformador/vibracao/fft_120hz,0.02,g,
2026-05-16T23:47:34.475Z,transformador/vibracao/fft_240hz,0.03,g,
2026-05-16T23:47:35.977Z,transformador/nucleo/temperatura,49.34,°C,
2026-05-16T23:47:35.977Z,transformador/nucleo/delta_t,9.36,°C,
2026-05-16T23:47:35.977Z,transformador/primario/corrente,2.54,A,
2026-05-16T23:47:35.977Z,transformador/secundario/corrente,24.44,A,
2026-05-16T23:47:35.977Z,transformador/vibracao/fft_120hz,0.07,g,
2026-05-16T23:47:35.977Z,transformador/vibracao/fft_240hz,0,g,
2026-05-16T23:47:37.478Z,transformador/nucleo/temperatura,63.53,°C,
2026-05-16T23:47:37.478Z,transformador/nucleo/delta_t,8.99,°C,
2026-05-16T23:47:37.478Z,transformador/primario/corrente,2.85,A,
2026-05-16T23:47:37.478Z,transformador/secundario/corrente,21.21,A,
2026-05-16T23:47:37.478Z,transformador/vibracao/fft_120hz,0.07,g,
2026-05-16T23:47:37.478Z,transformador/vibracao/fft_240hz,0.15,g,
2026-05-16T23:47:38.979Z,transformador/nucleo/temperatura,49.91,°C,
2026-05-16T23:47:38.979Z,transformador/nucleo/delta_t,9.52,°C,
2026-05-16T23:47:38.979Z,transformador/primario/corrente,2.67,A,
2026-05-16T23:47:38.979Z,transformador/secundario/corrente,19.31,A,
2026-05-16T23:47:38.979Z,transformador/vibracao/fft_120hz,0.02,g,
2026-05-16T23:47:38.979Z,transformador/vibracao/fft_240hz,0.04,g,
2026-05-16T23:47:40.480Z,transformador/nucleo/temperatura,48.7,°C,
2026-05-16T23:47:40.480Z,transformador/nucleo/delta_t,5.73,°C,
2026-05-16T23:47:40.480Z,transformador/primario/corrente,2.22,A,
2026-05-16T23:47:40.480Z,transformador/secundario/corrente,16.56,A,
2026-05-16T23:47:40.480Z,transformador/vibracao/fft_120hz,0.13,g,
2026-05-16T23:47:40.480Z,transformador/vibracao/fft_240hz,0.04,g,
2026-05-16T23:47:41.982Z,transformador/nucleo/temperatura,56.13,°C,
2026-05-16T23:47:41.982Z,transformador/nucleo/delta_t,5.78,°C,
2026-05-16T23:47:41.982Z,transformador/primario/corrente,2.11,A,
2026-05-16T23:47:41.982Z,transformador/secundario/corrente,18.94,A,
2026-05-16T23:47:41.982Z,transformador/vibracao/fft_120hz,0.11,g,
2026-05-16T23:47:41.982Z,transformador/vibracao/fft_240hz,0.04,g,
2026-05-16T23:47:43.484Z,transformador/nucleo/temperatura,54.82,°C,
2026-05-16T23:47:43.484Z,transformador/nucleo/delta_t,5.82,°C,
2026-05-16T23:47:43.484Z,transformador/primario/corrente,2.73,A,
2026-05-16T23:47:43.484Z,transformador/secundario/corrente,26.4,A,
2026-05-16T23:47:43.484Z,transformador/vibracao/fft_120hz,0.05,g,
2026-05-16T23:47:43.484Z,transformador/vibracao/fft_240hz,0.07,g,
2026-05-16T23:47:44.986Z,transformador/nucleo/temperatura,59.35,°C,
2026-05-16T23:47:44.986Z,transformador/nucleo/delta_t,4.33,°C,
2026-05-16T23:47:44.986Z,transformador/primario/corrente,2.02,A,
2026-05-16T23:47:44.986Z,transformador/secundario/corrente,24.46,A,
2026-05-16T23:47:44.986Z,transformador/vibracao/fft_120hz,0.06,g,
2026-05-16T23:47:44.986Z,transformador/vibracao/fft_240hz,0.08,g,
2026-05-16T23:47:46.487Z,transformador/nucleo/temperatura,45.3,°C,
2026-05-16T23:47:46.487Z,transformador/nucleo/delta_t,5.95,°C,
2026-05-16T23:47:46.487Z,transformador/primario/corrente,3.25,A,
2026-05-16T23:47:46.487Z,transformador/secundario/corrente,16.77,A,
2026-05-16T23:47:46.487Z,transformador/vibracao/fft_120hz,0.04,g,
2026-05-16T23:47:46.487Z,transformador/vibracao/fft_240hz,0.01,g,
2026-05-16T23:47:47.989Z,transformador/nucleo/temperatura,45.41,°C,
2026-05-16T23:47:47.989Z,transformador/nucleo/delta_t,7.35,°C,
2026-05-16T23:47:47.989Z,transformador/primario/corrente,3.36,A,
2026-05-16T23:47:47.989Z,transformador/secundario/corrente,20.28,A,
2026-05-16T23:47:47.989Z,transformador/vibracao/fft_120hz,0.12,g,
2026-05-16T23:47:47.989Z,transformador/vibracao/fft_240hz,0.06,g,
2026-05-16T23:47:49.490Z,transformador/nucleo/temperatura,52.87,°C,
2026-05-16T23:47:49.490Z,transformador/nucleo/delta_t,11.88,°C,
2026-05-16T23:47:49.490Z,transformador/primario/corrente,3.48,A,
2026-05-16T23:47:49.490Z,transformador/secundario/corrente,22.96,A,
2026-05-16T23:47:49.490Z,transformador/vibracao/fft_120hz,0.12,g,
2026-05-16T23:47:49.490Z,transformador/vibracao/fft_240hz,0.01,g,
2026-05-16T23:47:50.992Z,transformador/nucleo/temperatura,49.21,°C,
2026-05-16T23:47:50.992Z,transformador/nucleo/delta_t,8.71,°C,
2026-05-16T23:47:50.992Z,transformador/primario/corrente,2.96,A,
2026-05-16T23:47:50.992Z,transformador/secundario/corrente,16.75,A,
2026-05-16T23:47:50.992Z,transformador/vibracao/fft_120hz,0.13,g,
2026-05-16T23:47:50.992Z,transformador/vibracao/fft_240hz,0.01,g,
2026-05-16T23:47:52.492Z,transformador/nucleo/temperatura,51.36,°C,
2026-05-16T23:47:52.492Z,transformador/nucleo/delta_t,7.22,°C,
2026-05-16T23:47:52.492Z,transformador/primario/corrente,2.13,A,
2026-05-16T23:47:52.492Z,transformador/secundario/corrente,23.97,A,
2026-05-16T23:47:52.492Z,transformador/vibracao/fft_120hz,0.02,g,
2026-05-16T23:47:52.492Z,transformador/vibracao/fft_240hz,0.07,g,
2026-05-16T23:47:53.994Z,transformador/nucleo/temperatura,61.49,°C,
2026-05-16T23:47:53.994Z,transformador/nucleo/delta_t,5.08,°C,
2026-05-16T23:47:53.994Z,transformador/primario/corrente,3.35,A,
2026-05-16T23:47:53.994Z,transformador/secundario/corrente,25.65,A,
2026-05-16T23:47:53.994Z,transformador/vibracao/fft_120hz,0.14,g,
2026-05-16T23:47:53.994Z,transformador/vibracao/fft_240hz,0.01,g,
2026-05-16T23:47:55.496Z,transformador/nucleo/temperatura,53.25,°C,
2026-05-16T23:47:55.496Z,transformador/nucleo/delta_t,8.96,°C,
2026-05-16T23:47:55.496Z,transformador/primario/corrente,2.5,A,
2026-05-16T23:47:55.496Z,transformador/secundario/corrente,20.78,A,
2026-05-16T23:47:55.496Z,transformador/vibracao/fft_120hz,0.08,g,
2026-05-16T23:47:55.496Z,transformador/vibracao/fft_240hz,0.04,g,
2026-05-16T23:47:56.997Z,transformador/nucleo/temperatura,56.8,°C,
2026-05-16T23:47:56.997Z,transformador/nucleo/delta_t,5.09,°C,
2026-05-16T23:47:56.997Z,transformador/primario/corrente,2.85,A,
2026-05-16T23:47:56.997Z,transformador/secundario/corrente,16.01,A,
2026-05-16T23:47:56.997Z,transformador/vibracao/fft_120hz,0.04,g,
2026-05-16T23:47:56.997Z,transformador/vibracao/fft_240hz,0.07,g,
2026-05-16T23:47:58.499Z,transformador/nucleo/temperatura,51.83,°C,
2026-05-16T23:47:58.499Z,transformador/nucleo/delta_t,5.17,°C,
2026-05-16T23:47:58.499Z,transformador/primario/corrente,5.78,A,
2026-05-16T23:47:58.499Z,transformador/secundario/corrente,22.51,A,
2026-05-16T23:47:58.499Z,transformador/vibracao/fft_120hz,0.14,g,
2026-05-16T23:47:58.499Z,transformador/vibracao/fft_240hz,0.04,g,
2026-05-16T23:48:00.001Z,transformador/nucleo/temperatura,85.67,°C,
2026-05-16T23:48:00.001Z,transformador/nucleo/delta_t,11.42,°C,
2026-05-16T23:48:00.001Z,transformador/primario/corrente,2.12,A,
2026-05-16T23:48:00.001Z,transformador/secundario/corrente,25.42,A,
2026-05-16T23:48:00.001Z,transformador/vibracao/fft_120hz,0.06,g,
2026-05-16T23:48:00.001Z,transformador/vibracao/fft_240hz,0.01,g,
2026-05-16T23:48:01.503Z,transformador/nucleo/temperatura,63.08,°C,
2026-05-16T23:48:01.503Z,transformador/nucleo/delta_t,8.94,°C,
2026-05-16T23:48:01.503Z,transformador/primario/corrente,3.23,A,
2026-05-16T23:48:01.503Z,transformador/secundario/corrente,17.17,A,
2026-05-16T23:48:01.503Z,transformador/vibracao/fft_120hz,0.13,g,
2026-05-16T23:48:01.503Z,transformador/vibracao/fft_240hz,0.04,g,
2026-05-16T23:48:03.005Z,transformador/nucleo/temperatura,50.33,°C,
2026-05-16T23:48:03.005Z,transformador/nucleo/delta_t,11.14,°C,
2026-05-16T23:48:03.005Z,transformador/primario/corrente,3.18,A,
2026-05-16T23:48:03.005Z,transformador/secundario/corrente,18.48,A,
2026-05-16T23:48:03.005Z,transformador/vibracao/fft_120hz,0.05,g,
2026-05-16T23:48:03.005Z,transformador/vibracao/fft_240hz,0.05,g,
2026-05-16T23:48:04.506Z,transformador/nucleo/temperatura,59.03,°C,
2026-05-16T23:48:04.506Z,transformador/nucleo/delta_t,5.51,°C,
2026-05-16T23:48:04.506Z,transformador/primario/corrente,3.2,A,
2026-05-16T23:48:04.506Z,transformador/secundario/corrente,21.87,A,
2026-05-16T23:48:04.506Z,transformador/vibracao/fft_120hz,0.05,g,
2026-05-16T23:48:04.506Z,transformador/vibracao/fft_240hz,0.06,g,
2026-05-16T23:48:06.008Z,transformador/nucleo/temperatura,64.32,°C,
2026-05-16T23:48:06.008Z,transformador/nucleo/delta_t,11.86,°C,
2026-05-16T23:48:06.008Z,transformador/primario/corrente,3.36,A,
2026-05-16T23:48:06.008Z,transformador/secundario/corrente,22,A,
2026-05-16T23:48:06.008Z,transformador/vibracao/fft_120hz,0.05,g,
2026-05-16T23:48:06.008Z,transformador/vibracao/fft_240hz,0.07,g,
2026-05-16T23:48:07.509Z,transformador/nucleo/temperatura,50.33,°C,
2026-05-16T23:48:07.509Z,transformador/nucleo/delta_t,10.9,°C,
2026-05-16T23:48:07.509Z,transformador/primario/corrente,2.34,A,
2026-05-16T23:48:07.509Z,transformador/secundario/corrente,22.69,A,
2026-05-16T23:48:07.509Z,transformador/vibracao/fft_120hz,0.14,g,
2026-05-16T23:48:07.509Z,transformador/vibracao/fft_240hz,0.07,g,
2026-05-16T23:48:09.011Z,transformador/nucleo/temperatura,57.34,°C,
2026-05-16T23:48:09.011Z,transformador/nucleo/delta_t,4.78,°C,
2026-05-16T23:48:09.011Z,transformador/primario/corrente,2.76,A,
2026-05-16T23:48:09.011Z,transformador/secundario/corrente,17.13,A,
2026-05-16T23:48:09.011Z,transformador/vibracao/fft_120hz,0.58,g,
2026-05-16T23:48:09.011Z,transformador/vibracao/fft_240hz,0.01,g,
2026-05-16T23:48:10.513Z,transformador/nucleo/temperatura,48.74,°C,
2026-05-16T23:48:10.513Z,transformador/nucleo/delta_t,7.72,°C,
2026-05-16T23:48:10.513Z,transformador/primario/corrente,3.05,A,
2026-05-16T23:48:10.513Z,transformador/secundario/corrente,24.09,A,
2026-05-16T23:48:10.513Z,transformador/vibracao/fft_120hz,0.11,g,
2026-05-16T23:48:10.513Z,transformador/vibracao/fft_240hz,0.05,g,
2026-05-16T23:48:12.014Z,transformador/nucleo/temperatura,52.02,°C,
2026-05-16T23:48:12.014Z,transformador/nucleo/delta_t,8.68,°C,
2026-05-16T23:48:12.014Z,transformador/primario/corrente,3.35,A,
2026-05-16T23:48:12.014Z,transformador/secundario/corrente,24.94,A,
2026-05-16T23:48:12.014Z,transformador/vibracao/fft_120hz,0.06,g,
2026-05-16T23:48:12.014Z,transformador/vibracao/fft_240hz,0.01,g,
2026-05-16T23:48:13.516Z,transformador/nucleo/temperatura,53.56,°C,
2026-05-16T23:48:13.516Z,transformador/nucleo/delta_t,9.82,°C,
2026-05-16T23:48:13.516Z,transformador/primario/corrente,6.49,A,
2026-05-16T23:48:13.516Z,transformador/secundario/corrente,27.8,A,
2026-05-16T23:48:13.516Z,transformador/vibracao/fft_120hz,0.09,g,
2026-05-16T23:48:13.516Z,transformador/vibracao/fft_240hz,0.05,g,
2026-05-16T23:48:15.017Z,transformador/nucleo/temperatura,64.41,°C,
2026-05-16T23:48:15.017Z,transformador/nucleo/delta_t,11.48,°C,
2026-05-16T23:48:15.017Z,transformador/primario/corrente,5.14,A,
2026-05-16T23:48:15.017Z,transformador/secundario/corrente,19.91,A,
2026-05-16T23:48:15.017Z,transformador/vibracao/fft_120hz,0.05,g,
2026-05-16T23:48:15.017Z,transformador/vibracao/fft_240hz,0.05,g,
2026-05-16T23:48:16.519Z,transformador/nucleo/temperatura,54.32,°C,
2026-05-16T23:48:16.519Z,transformador/nucleo/delta_t,10.14,°C,
2026-05-16T23:48:16.519Z,transformador/primario/corrente,2.25,A,
2026-05-16T23:48:16.519Z,transformador/secundario/corrente,19.53,A,
2026-05-16T23:48:16.519Z,transformador/vibracao/fft_120hz,0.07,g,
2026-05-16T23:48:16.519Z,transformador/vibracao/fft_240hz,0.03,g,
2026-05-16T23:48:18.020Z,transformador/nucleo/temperatura,72.1,°C,
2026-05-16T23:48:18.020Z,transformador/nucleo/delta_t,5.98,°C,
2026-05-16T23:48:18.020Z,transformador/primario/corrente,2.45,A,
2026-05-16T23:48:18.020Z,transformador/secundario/corrente,21.99,A,
2026-05-16T23:48:18.020Z,transformador/vibracao/fft_120hz,0.12,g,
2026-05-16T23:48:18.020Z,transformador/vibracao/fft_240hz,0.06,g,
2026-05-16T23:48:19.522Z,transformador/nucleo/temperatura,57.82,°C,
2026-05-16T23:48:19.522Z,transformador/nucleo/delta_t,4.28,°C,
2026-05-16T23:48:19.522Z,transformador/primario/corrente,3.1,A,
2026-05-16T23:48:19.522Z,transformador/secundario/corrente,23.03,A,
2026-05-16T23:48:19.522Z,transformador/vibracao/fft_120hz,0.06,g,
2026-05-16T23:48:19.522Z,transformador/vibracao/fft_240hz,0.04,g,
2026-05-16T23:48:21.024Z,transformador/nucleo/temperatura,46.27,°C,
2026-05-16T23:48:21.024Z,transformador/nucleo/delta_t,7.92,°C,
2026-05-16T23:48:21.024Z,transformador/primario/corrente,2.39,A,
2026-05-16T23:48:21.024Z,transformador/secundario/corrente,26.83,A,
2026-05-16T23:48:21.024Z,transformador/vibracao/fft_120hz,0.03,g,
2026-05-16T23:48:21.024Z,transformador/vibracao/fft_240hz,0.06,g,
2026-05-16T23:48:22.525Z,transformador/nucleo/temperatura,50.07,°C,
2026-05-16T23:48:22.525Z,transformador/nucleo/delta_t,6.43,°C,
2026-05-16T23:48:22.525Z,transformador/primario/corrente,2.92,A,
2026-05-16T23:48:22.525Z,transformador/secundario/corrente,27.91,A,
2026-05-16T23:48:22.525Z,transformador/vibracao/fft_120hz,0.13,g,
2026-05-16T23:48:22.525Z,transformador/vibracao/fft_240hz,0.02,g,
2026-05-16T23:48:24.026Z,transformador/nucleo/temperatura,64.63,°C,
2026-05-16T23:48:24.026Z,transformador/nucleo/delta_t,6.13,°C,
2026-05-16T23:48:24.026Z,transformador/primario/corrente,2.52,A,
2026-05-16T23:48:24.026Z,transformador/secundario/corrente,17.92,A,
2026-05-16T23:48:24.026Z,transformador/vibracao/fft_120hz,0.04,g,
2026-05-16T23:48:24.026Z,transformador/vibracao/fft_240hz,0.03,g,
2026-05-16T23:48:25.527Z,transformador/nucleo/temperatura,51.65,°C,
2026-05-16T23:48:25.527Z,transformador/nucleo/delta_t,6.73,°C,
2026-05-16T23:48:25.527Z,transformador/primario/corrente,2.42,A,
2026-05-16T23:48:25.527Z,transformador/secundario/corrente,21.05,A,
2026-05-16T23:48:25.527Z,transformador/vibracao/fft_120hz,0.05,g,
2026-05-16T23:48:25.527Z,transformador/vibracao/fft_240hz,0.02,g,
2026-05-16T23:48:27.029Z,transformador/nucleo/temperatura,63.46,°C,
2026-05-16T23:48:27.029Z,transformador/nucleo/delta_t,11.24,°C,
2026-05-16T23:48:27.029Z,transformador/primario/corrente,2.54,A,
2026-05-16T23:48:27.029Z,transformador/secundario/corrente,16.16,A,
2026-05-16T23:48:27.029Z,transformador/vibracao/fft_120hz,0.04,g,
2026-05-16T23:48:27.029Z,transformador/vibracao/fft_240hz,0,g,
2026-05-16T23:48:28.531Z,transformador/nucleo/temperatura,63.12,°C,
2026-05-16T23:48:28.531Z,transformador/nucleo/delta_t,6.49,°C,
2026-05-16T23:48:28.531Z,transformador/primario/corrente,2.26,A,
2026-05-16T23:48:28.531Z,transformador/secundario/corrente,24.92,A,
2026-05-16T23:48:28.531Z,transformador/vibracao/fft_120hz,0.12,g,
2026-05-16T23:48:28.531Z,transformador/vibracao/fft_240hz,0.03,g,
2026-05-16T23:48:30.032Z,transformador/nucleo/temperatura,45.78,°C,
2026-05-16T23:48:30.032Z,transformador/nucleo/delta_t,6.84,°C,
2026-05-16T23:48:30.032Z,transformador/primario/corrente,2.31,A,
2026-05-16T23:48:30.032Z,transformador/secundario/corrente,16.62,A,
2026-05-16T23:48:30.032Z,transformador/vibracao/fft_120hz,0.09,g,
2026-05-16T23:48:30.032Z,transformador/vibracao/fft_240hz,0.03,g,
2026-05-16T23:48:31.533Z,transformador/nucleo/temperatura,80.41,°C,
2026-05-16T23:48:31.533Z,transformador/nucleo/delta_t,10.48,°C,
2026-05-16T23:48:31.533Z,transformador/primario/corrente,2.39,A,
2026-05-16T23:48:31.533Z,transformador/secundario/corrente,22.61,A,
2026-05-16T23:48:31.533Z,transformador/vibracao/fft_120hz,0.05,g,
2026-05-16T23:48:31.533Z,transformador/vibracao/fft_240hz,0.08,g,
2026-05-16T23:48:33.034Z,transformador/nucleo/temperatura,61.11,°C,
2026-05-16T23:48:33.034Z,transformador/nucleo/delta_t,6.92,°C,
2026-05-16T23:48:33.034Z,transformador/primario/corrente,3.4,A,
2026-05-16T23:48:33.034Z,transformador/secundario/corrente,22.34,A,
2026-05-16T23:48:33.034Z,transformador/vibracao/fft_120hz,0.12,g,
2026-05-16T23:48:33.034Z,transformador/vibracao/fft_240hz,0.07,g,
2026-05-16T23:48:34.535Z,transformador/nucleo/temperatura,53.12,°C,
2026-05-16T23:48:34.535Z,transformador/nucleo/delta_t,10.7,°C,
2026-05-16T23:48:34.535Z,transformador/primario/corrente,3.54,A,
2026-05-16T23:48:34.535Z,transformador/secundario/corrente,19.12,A,
2026-05-16T23:48:34.535Z,transformador/vibracao/fft_120hz,0.09,g,
2026-05-16T23:48:34.535Z,transformador/vibracao/fft_240hz,0.06,g,
2026-05-16T23:48:36.037Z,transformador/nucleo/temperatura,49.56,°C,
2026-05-16T23:48:36.037Z,transformador/nucleo/delta_t,4.92,°C,
2026-05-16T23:48:36.037Z,transformador/primario/corrente,2.63,A,
2026-05-16T23:48:36.037Z,transformador/secundario/corrente,25.85,A,
2026-05-16T23:48:36.037Z,transformador/vibracao/fft_120hz,0.03,g,
2026-05-16T23:48:36.037Z,transformador/vibracao/fft_240hz,0.04,g,
2026-05-16T23:48:37.539Z,transformador/nucleo/temperatura,51.93,°C,
2026-05-16T23:48:37.539Z,transformador/nucleo/delta_t,9.15,°C,
2026-05-16T23:48:37.539Z,transformador/primario/corrente,2.97,A,
2026-05-16T23:48:37.539Z,transformador/secundario/corrente,24.94,A,
2026-05-16T23:48:37.539Z,transformador/vibracao/fft_120hz,0.1,g,
2026-05-16T23:48:37.539Z,transformador/vibracao/fft_240hz,0.08,g,
2026-05-16T23:48:39.040Z,transformador/nucleo/temperatura,61.15,°C,
2026-05-16T23:48:39.040Z,transformador/nucleo/delta_t,8.06,°C,
2026-05-16T23:48:39.040Z,transformador/primario/corrente,2.74,A,
2026-05-16T23:48:39.040Z,transformador/secundario/corrente,19.46,A,
2026-05-16T23:48:39.040Z,transformador/vibracao/fft_120hz,0.11,g,
2026-05-16T23:48:39.040Z,transformador/vibracao/fft_240hz,0.07,g,
2026-05-16T23:48:40.542Z,transformador/nucleo/temperatura,62.41,°C,
2026-05-16T23:48:40.542Z,transformador/nucleo/delta_t,8.6,°C,
2026-05-16T23:48:40.542Z,transformador/primario/corrente,5.49,A,
2026-05-16T23:48:40.542Z,transformador/secundario/corrente,16.29,A,
2026-05-16T23:48:40.542Z,transformador/vibracao/fft_120hz,0.36,g,
2026-05-16T23:48:40.542Z,transformador/vibracao/fft_240hz,0.06,g,
2026-05-16T23:48:42.043Z,transformador/nucleo/temperatura,51.1,°C,
2026-05-16T23:48:42.043Z,transformador/nucleo/delta_t,6.34,°C,
2026-05-16T23:48:42.043Z,transformador/primario/corrente,2.18,A,
2026-05-16T23:48:42.043Z,transformador/secundario/corrente,27.49,A,
2026-05-16T23:48:42.043Z,transformador/vibracao/fft_120hz,0.11,g,
2026-05-16T23:48:42.043Z,transformador/vibracao/fft_240hz,0.04,g,
2026-05-16T23:48:43.544Z,transformador/nucleo/temperatura,72.27,°C,
2026-05-16T23:48:43.544Z,transformador/nucleo/delta_t,10.77,°C,
2026-05-16T23:48:43.544Z,transformador/primario/corrente,2.76,A,
2026-05-16T23:48:43.544Z,transformador/secundario/corrente,20.78,A,
2026-05-16T23:48:43.544Z,transformador/vibracao/fft_120hz,0.08,g,
2026-05-16T23:48:43.544Z,transformador/vibracao/fft_240hz,0.02,g,
2026-05-16T23:48:45.046Z,transformador/nucleo/temperatura,47.16,°C,
2026-05-16T23:48:45.046Z,transformador/nucleo/delta_t,11.56,°C,
2026-05-16T23:48:45.046Z,transformador/primario/corrente,3.46,A,
2026-05-16T23:48:45.046Z,transformador/secundario/corrente,27.21,A,
2026-05-16T23:48:45.046Z,transformador/vibracao/fft_120hz,0.12,g,
2026-05-16T23:48:45.046Z,transformador/vibracao/fft_240hz,0,g,
2026-05-16T23:48:46.547Z,transformador/nucleo/temperatura,60.24,°C,
2026-05-16T23:48:46.547Z,transformador/nucleo/delta_t,8.5,°C,
2026-05-16T23:48:46.547Z,transformador/primario/corrente,2.26,A,
2026-05-16T23:48:46.547Z,transformador/secundario/corrente,16.88,A,
2026-05-16T23:48:46.547Z,transformador/vibracao/fft_120hz,0.05,g,
2026-05-16T23:48:46.547Z,transformador/vibracao/fft_240hz,0.05,g,
2026-05-16T23:48:48.050Z,transformador/nucleo/temperatura,54.25,°C,
2026-05-16T23:48:48.050Z,transformador/nucleo/delta_t,5.89,°C,
2026-05-16T23:48:48.050Z,transformador/primario/corrente,3.35,A,
2026-05-16T23:48:48.050Z,transformador/secundario/corrente,25.02,A,
2026-05-16T23:48:48.050Z,transformador/vibracao/fft_120hz,0.12,g,
2026-05-16T23:48:48.050Z,transformador/vibracao/fft_240hz,0.07,g,
2026-05-16T23:48:49.551Z,transformador/nucleo/temperatura,51.12,°C,
2026-05-16T23:48:49.551Z,transformador/nucleo/delta_t,8.46,°C,
2026-05-16T23:48:49.551Z,transformador/primario/corrente,3.41,A,
2026-05-16T23:48:49.551Z,transformador/secundario/corrente,24.44,A,
2026-05-16T23:48:49.551Z,transformador/vibracao/fft_120hz,0.13,g,
2026-05-16T23:48:49.551Z,transformador/vibracao/fft_240hz,0.05,g,
2026-05-16T23:48:51.053Z,transformador/nucleo/temperatura,57.05,°C,
2026-05-16T23:48:51.053Z,transformador/nucleo/delta_t,7.82,°C,
2026-05-16T23:48:51.053Z,transformador/primario/corrente,2.11,A,
2026-05-16T23:48:51.053Z,transformador/secundario/corrente,17.14,A,
2026-05-16T23:48:51.053Z,transformador/vibracao/fft_120hz,0.13,g,
2026-05-16T23:48:51.053Z,transformador/vibracao/fft_240hz,0.01,g,
2026-05-16T23:48:52.554Z,transformador/nucleo/temperatura,57.03,°C,
2026-05-16T23:48:52.554Z,transformador/nucleo/delta_t,5.13,°C,
2026-05-16T23:48:52.554Z,transformador/primario/corrente,2.72,A,
2026-05-16T23:48:52.554Z,transformador/secundario/corrente,19.72,A,
2026-05-16T23:48:52.554Z,transformador/vibracao/fft_120hz,0.05,g,
2026-05-16T23:48:52.554Z,transformador/vibracao/fft_240hz,0.04,g,
2026-05-16T23:48:54.055Z,transformador/nucleo/temperatura,58.58,°C,
2026-05-16T23:48:54.055Z,transformador/nucleo/delta_t,10.71,°C,
2026-05-16T23:48:54.055Z,transformador/primario/corrente,2.22,A,
2026-05-16T23:48:54.055Z,transformador/secundario/corrente,51.08,A,
2026-05-16T23:48:54.055Z,transformador/vibracao/fft_120hz,0.04,g,
2026-05-16T23:48:54.055Z,transformador/vibracao/fft_240hz,0.01,g,
2026-05-16T23:48:55.557Z,transformador/nucleo/temperatura,49.9,°C,
2026-05-16T23:48:55.557Z,transformador/nucleo/delta_t,8.41,°C,
2026-05-16T23:48:55.557Z,transformador/primario/corrente,7.21,A,
2026-05-16T23:48:55.557Z,transformador/secundario/corrente,21.25,A,
2026-05-16T23:48:55.557Z,transformador/vibracao/fft_120hz,0.09,g,
2026-05-16T23:48:55.557Z,transformador/vibracao/fft_240hz,0.08,g,
2026-05-16T23:48:57.058Z,transformador/nucleo/temperatura,50.85,°C,
2026-05-16T23:48:57.058Z,transformador/nucleo/delta_t,7.67,°C,
2026-05-16T23:48:57.058Z,transformador/primario/corrente,3.46,A,
2026-05-16T23:48:57.058Z,transformador/secundario/corrente,17.55,A,
2026-05-16T23:48:57.058Z,transformador/vibracao/fft_120hz,0.12,g,
2026-05-16T23:48:57.058Z,transformador/vibracao/fft_240hz,0.03,g,
2026-05-16T23:48:58.560Z,transformador/nucleo/temperatura,55.96,°C,
2026-05-16T23:48:58.560Z,transformador/nucleo/delta_t,7.17,°C,
2026-05-16T23:48:58.560Z,transformador/primario/corrente,3.15,A,
2026-05-16T23:48:58.560Z,transformador/secundario/corrente,19.93,A,
2026-05-16T23:48:58.560Z,transformador/vibracao/fft_120hz,0.11,g,
2026-05-16T23:48:58.560Z,transformador/vibracao/fft_240hz,0.07,g,
2026-05-16T23:49:00.062Z,transformador/nucleo/temperatura,54.02,°C,
2026-05-16T23:49:00.062Z,transformador/nucleo/delta_t,8.36,°C,
2026-05-16T23:49:00.062Z,transformador/primario/corrente,2.64,A,
2026-05-16T23:49:00.062Z,transformador/secundario/corrente,26.07,A,
2026-05-16T23:49:00.062Z,transformador/vibracao/fft_120hz,0.02,g,
2026-05-16T23:49:00.062Z,transformador/vibracao/fft_240hz,0.04,g,
2026-05-16T23:49:01.563Z,transformador/nucleo/temperatura,50.9,°C,
2026-05-16T23:49:01.563Z,transformador/nucleo/delta_t,8.55,°C,
2026-05-16T23:49:01.563Z,transformador/primario/corrente,2.81,A,
2026-05-16T23:49:01.563Z,transformador/secundario/corrente,21.13,A,
2026-05-16T23:49:01.563Z,transformador/vibracao/fft_120hz,0.03,g,
2026-05-16T23:49:01.563Z,transformador/vibracao/fft_240hz,0.05,g,
2026-05-16T23:49:03.065Z,transformador/nucleo/temperatura,56.04,°C,
2026-05-16T23:49:03.065Z,transformador/nucleo/delta_t,6.56,°C,
2026-05-16T23:49:03.065Z,transformador/primario/corrente,6.1,A,
2026-05-16T23:49:03.065Z,transformador/secundario/corrente,22.65,A,
2026-05-16T23:49:03.065Z,transformador/vibracao/fft_120hz,0.08,g,
2026-05-16T23:49:03.065Z,transformador/vibracao/fft_240hz,0.03,g,
2026-05-16T23:49:04.564Z,transformador/nucleo/temperatura,46.43,°C,
2026-05-16T23:49:04.564Z,transformador/nucleo/delta_t,5.49,°C,
2026-05-16T23:49:04.564Z,transformador/primario/corrente,2.87,A,
2026-05-16T23:49:04.564Z,transformador/secundario/corrente,17.65,A,
2026-05-16T23:49:04.564Z,transformador/vibracao/fft_120hz,0.1,g,
2026-05-16T23:49:04.564Z,transformador/vibracao/fft_240hz,0,g,
2026-05-16T23:49:06.067Z,transformador/nucleo/temperatura,50.25,°C,
2026-05-16T23:49:06.067Z,transformador/nucleo/delta_t,4.22,°C,
2026-05-16T23:49:06.067Z,transformador/primario/corrente,2.19,A,
2026-05-16T23:49:06.067Z,transformador/secundario/corrente,17.17,A,
2026-05-16T23:49:06.067Z,transformador/vibracao/fft_120hz,0.06,g,
2026-05-16T23:49:06.067Z,transformador/vibracao/fft_240hz,0.06,g,
2026-05-16T23:49:07.569Z,transformador/nucleo/temperatura,49.67,°C,
2026-05-16T23:49:07.569Z,transformador/nucleo/delta_t,6.58,°C,
2026-05-16T23:49:07.569Z,transformador/primario/corrente,3.4,A,
2026-05-16T23:49:07.569Z,transformador/secundario/corrente,25.75,A,
2026-05-16T23:49:07.569Z,transformador/vibracao/fft_120hz,0.05,g,
2026-05-16T23:49:07.569Z,transformador/vibracao/fft_240hz,0.05,g,
2026-05-16T23:49:09.070Z,transformador/nucleo/temperatura,47.52,°C,
2026-05-16T23:49:09.070Z,transformador/nucleo/delta_t,7.58,°C,
2026-05-16T23:49:09.070Z,transformador/primario/corrente,3.34,A,
2026-05-16T23:49:09.070Z,transformador/secundario/corrente,19.78,A,
2026-05-16T23:49:09.070Z,transformador/vibracao/fft_120hz,0.12,g,
2026-05-16T23:49:09.070Z,transformador/vibracao/fft_240hz,0.07,g,
2026-05-16T23:49:10.571Z,transformador/nucleo/temperatura,51.26,°C,
2026-05-16T23:49:10.571Z,transformador/nucleo/delta_t,7.92,°C,
2026-05-16T23:49:10.571Z,transformador/primario/corrente,2.69,A,
2026-05-16T23:49:10.571Z,transformador/secundario/corrente,22.4,A,
2026-05-16T23:49:10.571Z,transformador/vibracao/fft_120hz,0.03,g,
2026-05-16T23:49:10.571Z,transformador/vibracao/fft_240hz,0.05,g,
2026-05-16T23:49:12.073Z,transformador/nucleo/temperatura,52.66,°C,
2026-05-16T23:49:12.073Z,transformador/nucleo/delta_t,11.18,°C,
2026-05-16T23:49:12.073Z,transformador/primario/corrente,3.53,A,
2026-05-16T23:49:12.073Z,transformador/secundario/corrente,24.5,A,
2026-05-16T23:49:12.073Z,transformador/vibracao/fft_120hz,0.03,g,
2026-05-16T23:49:12.073Z,transformador/vibracao/fft_240hz,0.31,g,
2026-05-16T23:49:13.575Z,transformador/nucleo/temperatura,57.36,°C,
2026-05-16T23:49:13.575Z,transformador/nucleo/delta_t,6.33,°C,
2026-05-16T23:49:13.575Z,transformador/primario/corrente,2.13,A,
2026-05-16T23:49:13.575Z,transformador/secundario/corrente,17.29,A,
2026-05-16T23:49:13.575Z,transformador/vibracao/fft_120hz,0.03,g,
2026-05-16T23:49:13.575Z,transformador/vibracao/fft_240hz,0.03,g,
2026-05-16T23:49:15.077Z,transformador/nucleo/temperatura,50.35,°C,
2026-05-16T23:49:15.077Z,transformador/nucleo/delta_t,9.36,°C,
2026-05-16T23:49:15.077Z,transformador/primario/corrente,3.28,A,
2026-05-16T23:49:15.077Z,transformador/secundario/corrente,16.07,A,
2026-05-16T23:49:15.077Z,transformador/vibracao/fft_120hz,0.05,g,
2026-05-16T23:49:15.077Z,transformador/vibracao/fft_240hz,0.03,g,
2026-05-16T23:49:16.580Z,transformador/nucleo/temperatura,62.05,°C,
2026-05-16T23:49:16.580Z,transformador/nucleo/delta_t,9.9,°C,
2026-05-16T23:49:16.580Z,transformador/primario/corrente,4.76,A,
2026-05-16T23:49:16.580Z,transformador/secundario/corrente,24.98,A,
2026-05-16T23:49:16.580Z,transformador/vibracao/fft_120hz,0.09,g,
2026-05-16T23:49:16.580Z,transformador/vibracao/fft_240hz,0.05,g,
2026-05-16T23:49:18.081Z,transformador/nucleo/temperatura,52.57,°C,
2026-05-16T23:49:18.081Z,transformador/nucleo/delta_t,10.66,°C,
2026-05-16T23:49:18.081Z,transformador/primario/corrente,2.28,A,
2026-05-16T23:49:18.081Z,transformador/secundario/corrente,20.73,A,
2026-05-16T23:49:18.081Z,transformador/vibracao/fft_120hz,0.04,g,
2026-05-16T23:49:18.081Z,transformador/vibracao/fft_240hz,0.08,g,
2026-05-16T23:49:19.584Z,transformador/nucleo/temperatura,56.22,°C,
2026-05-16T23:49:19.584Z,transformador/nucleo/delta_t,6.05,°C,
2026-05-16T23:49:19.584Z,transformador/primario/corrente,3.14,A,
2026-05-16T23:49:19.584Z,transformador/secundario/corrente,18.12,A,
2026-05-16T23:49:19.584Z,transformador/vibracao/fft_120hz,0.02,g,
2026-05-16T23:49:19.584Z,transformador/vibracao/fft_240hz,0.05,g,
2026-05-16T23:49:21.085Z,transformador/nucleo/temperatura,64.66,°C,
2026-05-16T23:49:21.085Z,transformador/nucleo/delta_t,4.75,°C,
2026-05-16T23:49:21.085Z,transformador/primario/corrente,2.82,A,
2026-05-16T23:49:21.085Z,transformador/secundario/corrente,23.96,A,
2026-05-16T23:49:21.085Z,transformador/vibracao/fft_120hz,0.12,g,
2026-05-16T23:49:21.085Z,transformador/vibracao/fft_240hz,0.07,g,
2026-05-16T23:49:22.586Z,transformador/nucleo/temperatura,54.57,°C,
2026-05-16T23:49:22.586Z,transformador/nucleo/delta_t,9.71,°C,
2026-05-16T23:49:22.586Z,transformador/primario/corrente,2.23,A,
2026-05-16T23:49:22.586Z,transformador/secundario/corrente,25.69,A,
2026-05-16T23:49:22.586Z,transformador/vibracao/fft_120hz,0.04,g,
2026-05-16T23:49:22.586Z,transformador/vibracao/fft_240hz,0.07,g,
2026-05-16T23:49:24.087Z,transformador/nucleo/temperatura,53.54,°C,
2026-05-16T23:49:24.087Z,transformador/nucleo/delta_t,11.52,°C,
2026-05-16T23:49:24.087Z,transformador/primario/corrente,2.07,A,
2026-05-16T23:49:24.087Z,transformador/secundario/corrente,22.8,A,
2026-05-16T23:49:24.087Z,transformador/vibracao/fft_120hz,0.08,g,
2026-05-16T23:49:24.087Z,transformador/vibracao/fft_240hz,0.02,g,
2026-05-16T23:49:25.589Z,transformador/nucleo/temperatura,62.49,°C,
2026-05-16T23:49:25.589Z,transformador/nucleo/delta_t,11.25,°C,
2026-05-16T23:49:25.589Z,transformador/primario/corrente,2.55,A,
2026-05-16T23:49:25.589Z,transformador/secundario/corrente,25.01,A,
2026-05-16T23:49:25.589Z,transformador/vibracao/fft_120hz,0.48,g,
2026-05-16T23:49:25.589Z,transformador/vibracao/fft_240hz,0.08,g,
2026-05-16T23:49:27.090Z,transformador/nucleo/temperatura,73.61,°C,
2026-05-16T23:49:27.090Z,transformador/nucleo/delta_t,6.35,°C,
2026-05-16T23:49:27.090Z,transformador/primario/corrente,2.42,A,
2026-05-16T23:49:27.090Z,transformador/secundario/corrente,20.74,A,
2026-05-16T23:49:27.090Z,transformador/vibracao/fft_120hz,0.23,g,
2026-05-16T23:49:27.090Z,transformador/vibracao/fft_240hz,0.05,g,
2026-05-16T23:49:28.591Z,transformador/nucleo/temperatura,56.73,°C,
2026-05-16T23:49:28.591Z,transformador/nucleo/delta_t,10.51,°C,
2026-05-16T23:49:28.591Z,transformador/primario/corrente,2.62,A,
2026-05-16T23:49:28.591Z,transformador/secundario/corrente,24.21,A,
2026-05-16T23:49:28.591Z,transformador/vibracao/fft_120hz,0.04,g,
2026-05-16T23:49:28.591Z,transformador/vibracao/fft_240hz,0.05,g,
2026-05-16T23:49:30.092Z,transformador/nucleo/temperatura,57.02,°C,
2026-05-16T23:49:30.092Z,transformador/nucleo/delta_t,5.57,°C,
2026-05-16T23:49:30.092Z,transformador/primario/corrente,2.56,A,
2026-05-16T23:49:30.092Z,transformador/secundario/corrente,17.6,A,
2026-05-16T23:49:30.092Z,transformador/vibracao/fft_120hz,0.45,g,
2026-05-16T23:49:30.092Z,transformador/vibracao/fft_240hz,0.05,g,
2026-05-16T23:49:31.594Z,transformador/nucleo/temperatura,52.05,°C,
2026-05-16T23:49:31.594Z,transformador/nucleo/delta_t,8.07,°C,
2026-05-16T23:49:31.594Z,transformador/primario/corrente,2.16,A,
2026-05-16T23:49:31.594Z,transformador/secundario/corrente,20.62,A,
2026-05-16T23:49:31.594Z,transformador/vibracao/fft_120hz,0.09,g,
2026-05-16T23:49:31.594Z,transformador/vibracao/fft_240hz,0.03,g,
2026-05-16T23:49:33.096Z,transformador/nucleo/temperatura,62.59,°C,
2026-05-16T23:49:33.096Z,transformador/nucleo/delta_t,9.44,°C,
2026-05-16T23:49:33.096Z,transformador/primario/corrente,3.05,A,
2026-05-16T23:49:33.096Z,transformador/secundario/corrente,17,A,
2026-05-16T23:49:33.096Z,transformador/vibracao/fft_120hz,0.08,g,
2026-05-16T23:49:33.096Z,transformador/vibracao/fft_240hz,0.07,g,
2026-05-16T23:49:34.595Z,transformador/nucleo/temperatura,64.06,°C,
2026-05-16T23:49:34.595Z,transformador/nucleo/delta_t,31.76,°C,
2026-05-16T23:49:34.595Z,transformador/primario/corrente,3.31,A,
2026-05-16T23:49:34.595Z,transformador/secundario/corrente,19.1,A,
2026-05-16T23:49:34.595Z,transformador/vibracao/fft_120hz,0.13,g,
2026-05-16T23:49:34.595Z,transformador/vibracao/fft_240hz,0.04,g,
2026-05-16T23:49:36.097Z,transformador/nucleo/temperatura,62.71,°C,
2026-05-16T23:49:36.097Z,transformador/nucleo/delta_t,8.4,°C,
2026-05-16T23:49:36.097Z,transformador/primario/corrente,3.28,A,
2026-05-16T23:49:36.097Z,transformador/secundario/corrente,23.03,A,
2026-05-16T23:49:36.097Z,transformador/vibracao/fft_120hz,0.11,g,
2026-05-16T23:49:36.097Z,transformador/vibracao/fft_240hz,0.04,g,
2026-05-16T23:49:37.599Z,transformador/nucleo/temperatura,47.56,°C,
2026-05-16T23:49:37.599Z,transformador/nucleo/delta_t,10.39,°C,
2026-05-16T23:49:37.599Z,transformador/primario/corrente,2.39,A,
2026-05-16T23:49:37.599Z,transformador/secundario/corrente,26.96,A,
2026-05-16T23:49:37.599Z,transformador/vibracao/fft_120hz,0.03,g,
2026-05-16T23:49:37.599Z,transformador/vibracao/fft_240hz,0.02,g,
2026-05-16T23:49:39.101Z,transformador/nucleo/temperatura,62.78,°C,
2026-05-16T23:49:39.101Z,transformador/nucleo/delta_t,10.42,°C,
2026-05-16T23:49:39.101Z,transformador/primario/corrente,2.56,A,
2026-05-16T23:49:39.101Z,transformador/secundario/corrente,20,A,
2026-05-16T23:49:39.101Z,transformador/vibracao/fft_120hz,0.12,g,
2026-05-16T23:49:39.101Z,transformador/vibracao/fft_240hz,0.05,g,
2026-05-16T23:49:40.603Z,transformador/nucleo/temperatura,61.01,°C,
2026-05-16T23:49:40.603Z,transformador/nucleo/delta_t,10.05,°C,
2026-05-16T23:49:40.603Z,transformador/primario/corrente,7.78,A,
2026-05-16T23:49:40.603Z,transformador/secundario/corrente,25.08,A,
2026-05-16T23:49:40.603Z,transformador/vibracao/fft_120hz,0.06,g,
2026-05-16T23:49:40.603Z,transformador/vibracao/fft_240hz,0.06,g,
2026-05-16T23:49:42.105Z,transformador/nucleo/temperatura,48.69,°C,
2026-05-16T23:49:42.105Z,transformador/nucleo/delta_t,7.86,°C,
2026-05-16T23:49:42.105Z,transformador/primario/corrente,3.57,A,
2026-05-16T23:49:42.105Z,transformador/secundario/corrente,18.53,A,
2026-05-16T23:49:42.105Z,transformador/vibracao/fft_120hz,0.1,g,
2026-05-16T23:49:42.105Z,transformador/vibracao/fft_240hz,0.04,g,
2026-05-16T23:49:43.606Z,transformador/nucleo/temperatura,63.36,°C,
2026-05-16T23:49:43.606Z,transformador/nucleo/delta_t,5.45,°C,
2026-05-16T23:49:43.606Z,transformador/primario/corrente,2.64,A,
2026-05-16T23:49:43.606Z,transformador/secundario/corrente,27.43,A,
2026-05-16T23:49:43.606Z,transformador/vibracao/fft_120hz,0.1,g,
2026-05-16T23:49:43.606Z,transformador/vibracao/fft_240hz,0.08,g,
2026-05-16T23:49:45.108Z,transformador/nucleo/temperatura,63.73,°C,
2026-05-16T23:49:45.108Z,transformador/nucleo/delta_t,10.62,°C,
2026-05-16T23:49:45.108Z,transformador/primario/corrente,2.17,A,
2026-05-16T23:49:45.108Z,transformador/secundario/corrente,18.44,A,
2026-05-16T23:49:45.108Z,transformador/vibracao/fft_120hz,0.13,g,
2026-05-16T23:49:45.108Z,transformador/vibracao/fft_240hz,0.06,g,
2026-05-16T23:49:46.611Z,transformador/nucleo/temperatura,49.33,°C,
2026-05-16T23:49:46.611Z,transformador/nucleo/delta_t,6.16,°C,
2026-05-16T23:49:46.611Z,transformador/primario/corrente,3.53,A,
2026-05-16T23:49:46.611Z,transformador/secundario/corrente,21.88,A,
2026-05-16T23:49:46.611Z,transformador/vibracao/fft_120hz,0.53,g,
2026-05-16T23:49:46.611Z,transformador/vibracao/fft_240hz,0.05,g,
2026-05-16T23:49:48.111Z,transformador/nucleo/temperatura,57.03,°C,
2026-05-16T23:49:48.111Z,transformador/nucleo/delta_t,10.15,°C,
2026-05-16T23:49:48.111Z,transformador/primario/corrente,3.6,A,
2026-05-16T23:49:48.111Z,transformador/secundario/corrente,19.9,A,
2026-05-16T23:49:48.111Z,transformador/vibracao/fft_120hz,0.08,g,
2026-05-16T23:49:48.111Z,transformador/vibracao/fft_240hz,0.07,g,
2026-05-16T23:49:49.614Z,transformador/nucleo/temperatura,63.27,°C,
2026-05-16T23:49:49.614Z,transformador/nucleo/delta_t,8.94,°C,
2026-05-16T23:49:49.614Z,transformador/primario/corrente,2.63,A,
2026-05-16T23:49:49.614Z,transformador/secundario/corrente,22.42,A,
2026-05-16T23:49:49.614Z,transformador/vibracao/fft_120hz,0.09,g,
2026-05-16T23:49:49.614Z,transformador/vibracao/fft_240hz,0.01,g,
2026-05-16T23:49:51.114Z,transformador/nucleo/temperatura,58.67,°C,
2026-05-16T23:49:51.114Z,transformador/nucleo/delta_t,11.53,°C,
2026-05-16T23:49:51.114Z,transformador/primario/corrente,3.32,A,
2026-05-16T23:49:51.114Z,transformador/secundario/corrente,16.67,A,
2026-05-16T23:49:51.114Z,transformador/vibracao/fft_120hz,0.1,g,
2026-05-16T23:49:51.114Z,transformador/vibracao/fft_240hz,0.01,g,
2026-05-16T23:49:52.615Z,transformador/nucleo/temperatura,47.34,°C,
2026-05-16T23:49:52.615Z,transformador/nucleo/delta_t,8.51,°C,
2026-05-16T23:49:52.615Z,transformador/primario/corrente,5.47,A,
2026-05-16T23:49:52.615Z,transformador/secundario/corrente,22.29,A,
2026-05-16T23:49:52.615Z,transformador/vibracao/fft_120hz,0.08,g,
2026-05-16T23:49:52.615Z,transformador/vibracao/fft_240hz,0.06,g,
2026-05-16T23:49:54.116Z,transformador/nucleo/temperatura,62.42,°C,
2026-05-16T23:49:54.116Z,transformador/nucleo/delta_t,4.74,°C,
2026-05-16T23:49:54.116Z,transformador/primario/corrente,2.85,A,
2026-05-16T23:49:54.116Z,transformador/secundario/corrente,26.6,A,
2026-05-16T23:49:54.116Z,transformador/vibracao/fft_120hz,0.63,g,
2026-05-16T23:49:54.116Z,transformador/vibracao/fft_240hz,0,g,
2026-05-16T23:49:55.618Z,transformador/nucleo/temperatura,54.27,°C,
2026-05-16T23:49:55.618Z,transformador/nucleo/delta_t,9.11,°C,
2026-05-16T23:49:55.618Z,transformador/primario/corrente,2.82,A,
2026-05-16T23:49:55.618Z,transformador/secundario/corrente,24.21,A,
2026-05-16T23:49:55.618Z,transformador/vibracao/fft_120hz,0.39,g,
2026-05-16T23:49:55.618Z,transformador/vibracao/fft_240hz,0.04,g,
2026-05-16T23:49:57.120Z,transformador/nucleo/temperatura,54.59,°C,
2026-05-16T23:49:57.120Z,transformador/nucleo/delta_t,9.31,°C,
2026-05-16T23:49:57.120Z,transformador/primario/corrente,3.37,A,
2026-05-16T23:49:57.120Z,transformador/secundario/corrente,26.25,A,
2026-05-16T23:49:57.120Z,transformador/vibracao/fft_120hz,0.06,g,
2026-05-16T23:49:57.120Z,transformador/vibracao/fft_240hz,0.07,g,
